requested_date_ad,returned_bs_date,parsed_row_count,status
2021-02-01,"माघ १९, २०७७",97.0,saved
2021-02-02,"माघ २०, २०७७",97.0,saved
2021-02-03,"माघ २१, २०७७",86.0,saved
2021-02-04,"माघ २२, २०७७",92.0,saved
2021-02-05,"माघ २३, २०७७",94.0,saved
2021-02-06,"माघ २४, २०७७",97.0,saved
2021-02-07,"माघ २५, २०७७",97.0,saved
2021-02-08,"माघ २६, २०७७",99.0,saved
2021-02-09,"माघ २७, २०७७",98.0,saved
2021-02-10,"माघ २८, २०७७",100.0,saved
2021-02-11,"माघ २९, २०७७",99.0,saved
2021-02-12,"माघ ३०, २०७७",101.0,saved
2021-02-13,"फाल्गुण ०१, २०७७",100.0,saved
2021-02-14,"फाल्गुण ०२, २०७७",100.0,saved
2021-02-15,"फाल्गुण ०३, २०७७",100.0,saved
2021-02-16,"फाल्गुण ०४, २०७७",100.0,saved
2021-02-17,"फाल्गुण ०५, २०७७",102.0,saved
2021-02-18,"फाल्गुण ०६, २०७७",99.0,saved
2021-02-19,"फाल्गुण ०७, २०७७",101.0,saved
2021-02-20,"फाल्गुण ०८, २०७७",99.0,saved
2021-02-21,"फाल्गुण ०९, २०७७",95.0,saved
2021-02-22,"फाल्गुण १०, २०७७",97.0,saved
2021-02-23,"फाल्गुण ११, २०७७",97.0,saved
2021-02-24,"फाल्गुण १२, २०७७",94.0,saved
2021-02-25,"फाल्गुण १३, २०७७",100.0,saved
2021-02-26,"फाल्गुण १४, २०७७",100.0,saved
2021-02-27,"फाल्गुण १५, २०७७",98.0,saved
2021-02-28,"फाल्गुण १६, २०७७",101.0,saved
2021-03-01,"फाल्गुण १७, २०७७",102.0,saved
2021-03-02,"फाल्गुण १८, २०७७",104.0,saved
2021-03-03,"फाल्गुण १९, २०७७",102.0,saved
2021-03-04,"फाल्गुण २०, २०७७",0.0,no_data
2021-03-05,"फाल्गुण २१, २०७७",104.0,saved
2021-03-06,"फाल्गुण २२, २०७७",105.0,saved
2021-03-07,"फाल्गुण २३, २०७७",103.0,saved
2021-03-08,"फाल्गुण २४, २०७७",105.0,saved
2021-03-09,"फाल्गुण २५, २०७७",106.0,saved
2021-03-10,"फाल्गुण २६, २०७७",104.0,saved
2021-03-11,"फाल्गुण २७, २०७७",107.0,saved
2021-03-12,"फाल्गुण २८, २०७७",106.0,saved
2021-03-13,"फाल्गुण २९, २०७७",105.0,saved
2021-03-14,"चैत ०१, २०७७",109.0,saved
2021-03-15,"चैत ०२, २०७७",108.0,saved
2021-03-16,"चैत ०३, २०७७",110.0,saved
2021-03-17,"चैत ०४, २०७७",107.0,saved
2021-03-18,"चैत ०५, २०७७",107.0,saved
2021-03-19,"चैत ०६, २०७७",106.0,saved
2021-03-20,"चैत ०७, २०७७",108.0,saved
2021-03-21,"चैत ०८, २०७७",108.0,saved
2021-03-22,"चैत ०९, २०७७",108.0,saved
2021-03-23,"चैत १०, २०७७",107.0,saved
2021-03-24,"चैत ११, २०७७",105.0,saved
2021-03-25,"चैत १२, २०७७",106.0,saved
2021-03-26,"चैत १३, २०७७",107.0,saved
2021-03-27,"चैत १४, २०७७",105.0,saved
2021-03-28,"चैत १५, २०७७",106.0,saved
2021-03-29,"चैत १६, २०७७",103.0,saved
2021-03-30,"चैत १७, २०७७",105.0,saved
2021-03-31,"चैत १८, २०७७",100.0,saved
2021-04-01,"चैत १९, २०७७",102.0,saved
2021-04-02,"चैत २०, २०७७",99.0,saved
2021-04-03,"चैत २१, २०७७",106.0,saved
2021-04-04,"चैत २२, २०७७",104.0,saved
2021-04-05,"चैत २३, २०७७",104.0,saved
2021-04-06,"चैत २४, २०७७",107.0,saved
2021-04-07,"चैत २५, २०७७",105.0,saved
2021-04-08,"चैत २६, २०७७",102.0,saved
2021-04-09,"चैत २७, २०७७",106.0,saved
2021-04-10,"चैत २८, २०७७",107.0,saved
2021-04-11,"चैत २९, २०७७",107.0,saved
2021-04-12,"चैत ३०, २०७७",107.0,saved
2021-04-13,"चैत ३१, २०७७",106.0,saved
2021-04-14,"बैशाख ०१, २०७८",106.0,saved
2021-04-15,"बैशाख ०२, २०७८",104.0,saved
2021-04-16,"बैशाख ०३, २०७८",104.0,saved
2021-04-17,"बैशाख ०४, २०७८",106.0,saved
2021-04-18,"बैशाख ०५, २०७८",106.0,saved
2021-04-19,"बैशाख ०६, २०७८",109.0,saved
2021-04-20,"बैशाख ०७, २०७८",103.0,saved
2021-04-21,"बैशाख ०८, २०७८",102.0,saved
2021-04-22,"बैशाख ०९, २०७८",94.0,saved
2021-04-23,"बैशाख १०, २०७८",95.0,saved
2021-04-24,"बैशाख ११, २०७८",99.0,saved
2021-04-25,"बैशाख १२, २०७८",102.0,saved
2021-04-26,"बैशाख १३, २०७८",105.0,saved
2021-04-27,"बैशाख १४, २०७८",104.0,saved
2021-04-28,"बैशाख १५, २०७८",97.0,saved
2021-04-29,"बैशाख १६, २०७८",87.0,saved
2021-04-30,"बैशाख १७, २०७८",82.0,saved
2021-05-01,"बैशाख १८, २०७८",77.0,saved
2021-05-02,"बैशाख १९, २०७८",90.0,saved
2021-05-03,"बैशाख २०, २०७८",74.0,saved
2021-05-04,"बैशाख २१, २०७८",82.0,saved
2021-05-05,"बैशाख २२, २०७८",88.0,saved
2021-05-06,"बैशाख २३, २०७८",87.0,saved
2021-05-07,"बैशाख २४, २०७८",78.0,saved
2021-05-08,"बैशाख २५, २०७८",91.0,saved
2021-05-09,"बैशाख २६, २०७८",90.0,saved
2021-05-10,"बैशाख २७, २०७८",91.0,saved
2021-05-11,"बैशाख २८, २०७८",90.0,saved
2021-05-12,"बैशाख २९, २०७८",91.0,saved
2021-05-13,"बैशाख ३०, २०७८",91.0,saved
2021-05-14,"बैशाख ३१, २०७८",91.0,saved
2021-05-15,"जेठ ०१, २०७८",91.0,saved
2021-05-16,"जेठ ०२, २०७८",85.0,saved
2021-05-17,"जेठ ०३, २०७८",85.0,saved
2021-05-18,"जेठ ०४, २०७८",81.0,saved
2021-05-19,"जेठ ०५, २०७८",89.0,saved
2021-05-20,"जेठ ०६, २०७८",89.0,saved
2021-05-21,"जेठ ०७, २०७८",90.0,saved
2021-05-22,"जेठ ०८, २०७८",89.0,saved
2021-05-23,"जेठ ०९, २०७८",92.0,saved
2021-05-24,"जेठ १०, २०७८",92.0,saved
2021-05-25,"जेठ ११, २०७८",86.0,saved
2021-05-26,"जेठ १२, २०७८",87.0,saved
2021-05-27,"जेठ १३, २०७८",85.0,saved
2021-05-28,"जेठ १४, २०७८",86.0,saved
2021-05-29,"जेठ १५, २०७८",86.0,saved
2021-05-30,"जेठ १६, २०७८",84.0,saved
2021-05-31,"जेठ १७, २०७८",90.0,saved
2021-06-01,"जेठ १८, २०७८",91.0,saved
2021-06-02,"जेठ १९, २०७८",86.0,saved
2021-06-03,"जेठ २०, २०७८",89.0,saved
2021-06-04,"जेठ २१, २०७८",89.0,saved
2021-06-05,"जेठ २२, २०७८",91.0,saved
2021-06-06,"जेठ २३, २०७८",84.0,saved
2021-06-07,"जेठ २४, २०७८",88.0,saved
2021-06-08,"जेठ २५, २०७८",83.0,saved
2021-06-09,"जेठ २६, २०७८",86.0,saved
2021-06-10,"जेठ २७, २०७८",88.0,saved
2021-06-11,"जेठ २८, २०७८",89.0,saved
2021-06-12,"जेठ २९, २०७८",89.0,saved
2021-06-13,"जेठ ३०, २०७८",91.0,saved
2021-06-14,"जेठ ३१, २०७८",87.0,saved
2021-06-15,"असार ०१, २०७८",87.0,saved
2021-06-16,"असार ०२, २०७८",88.0,saved
2021-06-17,"असार ०३, २०७८",82.0,saved
2021-06-18,"असार ०४, २०७८",85.0,saved
2021-06-19,"असार ०५, २०७८",84.0,saved
2021-06-20,"असार ०६, २०७८",83.0,saved
2021-06-21,"असार ०७, २०७८",85.0,saved
2021-06-22,"असार ०८, २०७८",86.0,saved
2021-06-23,"असार ०९, २०७८",83.0,saved
2021-06-24,"असार १०, २०७८",80.0,saved
2021-06-25,"असार ११, २०७८",86.0,saved
2021-06-26,"असार १२, २०७८",86.0,saved
2021-06-27,"असार १३, २०७८",91.0,saved
2021-06-28,"असार १४, २०७८",89.0,saved
2021-06-29,"असार १५, २०७८",88.0,saved
2021-06-30,"असार १६, २०७८",89.0,saved
2021-07-01,"असार १७, २०७८",88.0,saved
2021-07-02,"असार १८, २०७८",90.0,saved
2021-07-03,"असार १९, २०७८",91.0,saved
2021-07-04,"असार २०, २०७८",91.0,saved
2021-07-05,"असार २१, २०७८",90.0,saved
2021-07-06,"असार २२, २०७८",90.0,saved
2021-07-07,"असार २३, २०७८",90.0,saved
2021-07-08,"असार २४, २०७८",91.0,saved
2021-07-09,"असार २५, २०७८",88.0,saved
2021-07-10,"असार २६, २०७८",83.0,saved
2021-07-11,"असार २७, २०७८",82.0,saved
2021-07-12,"असार २८, २०७८",85.0,saved
2021-07-13,"असार २९, २०७८",84.0,saved
2021-07-14,"असार ३०, २०७८",84.0,saved
2021-07-15,"असार ३१, २०७८",81.0,saved
2021-07-16,"साउन ०१, २०७८",83.0,saved
2021-07-17,"साउन ०२, २०७८",83.0,saved
2021-07-18,"साउन ०३, २०७८",84.0,saved
2021-07-19,"साउन ०४, २०७८",86.0,saved
2021-07-20,"साउन ०५, २०७८",87.0,saved
2021-07-21,"साउन ०६, २०७८",86.0,saved
2021-07-22,"साउन ०७, २०७८",86.0,saved
2021-07-23,"साउन ०८, २०७८",83.0,saved
2021-07-24,"साउन ०९, २०७८",85.0,saved
2021-07-25,"साउन १०, २०७८",86.0,saved
2021-07-26,"साउन ११, २०७८",85.0,saved
2021-07-27,"साउन १२, २०७८",85.0,saved
2021-07-28,"साउन १३, २०७८",84.0,saved
2021-07-29,"साउन १४, २०७८",88.0,saved
2021-07-30,"साउन १५, २०७८",89.0,saved
2021-07-31,"साउन १६, २०७८",87.0,saved
2021-08-01,"साउन १७, २०७८",87.0,saved
2021-08-02,"साउन १८, २०७८",88.0,saved
2021-08-03,"साउन १९, २०७८",86.0,saved
2021-08-04,"साउन २०, २०७८",87.0,saved
2021-08-05,"साउन २१, २०७८",88.0,saved
2021-08-06,"साउन २२, २०७८",89.0,saved
2021-08-07,"साउन २३, २०७८",88.0,saved
2021-08-08,"साउन २४, २०७८",90.0,saved
2021-08-09,"साउन २५, २०७८",88.0,saved
2021-08-10,"साउन २६, २०७८",86.0,saved
2021-08-11,"साउन २७, २०७८",85.0,saved
2021-08-12,"साउन २८, २०७८",86.0,saved
2021-08-13,"साउन २९, २०७८",86.0,saved
2021-08-14,"साउन ३०, २०७८",85.0,saved
2021-08-15,"साउन ३१, २०७८",86.0,saved
2021-08-16,"साउन ३२, २०७८",80.0,saved
2021-08-17,"भदौ ०१, २०७८",83.0,saved
2021-08-18,"भदौ ०२, २०७८",87.0,saved
2021-08-19,"भदौ ०३, २०७८",87.0,saved
2021-08-20,"भदौ ०४, २०७८",88.0,saved
2021-08-21,"भदौ ०५, २०७८",88.0,saved
2021-08-22,"भदौ ०६, २०७८",85.0,saved
2021-08-23,"भदौ ०७, २०७८",88.0,saved
2021-08-24,"भदौ ०८, २०७८",88.0,saved
2021-08-25,"भदौ ०९, २०७८",87.0,saved
2021-08-26,"भदौ १०, २०७८",88.0,saved
2021-08-27,"भदौ ११, २०७८",87.0,saved
2021-08-28,"भदौ १२, २०७८",84.0,saved
2021-08-29,"भदौ १३, २०७८",87.0,saved
2021-08-30,"भदौ १४, २०७८",83.0,saved
2021-08-31,"भदौ १५, २०७८",84.0,saved
2021-09-01,"भदौ १६, २०७८",88.0,saved
2021-09-02,"भदौ १७, २०७८",85.0,saved
2021-09-03,"भदौ १८, २०७८",84.0,saved
2021-09-04,"भदौ १९, २०७८",87.0,saved
2021-09-05,"भदौ २०, २०७८",88.0,saved
2021-09-06,"भदौ २१, २०७८",88.0,saved
2021-09-07,"भदौ २२, २०७८",84.0,saved
2021-09-08,"भदौ २३, २०७८",86.0,saved
2021-09-09,"भदौ २४, २०७८",89.0,saved
2021-09-10,"भदौ २५, २०७८",88.0,saved
2021-09-11,"भदौ २६, २०७८",88.0,saved
2021-09-12,"भदौ २७, २०७८",89.0,saved
2021-09-13,"भदौ २८, २०७८",89.0,saved
2021-09-14,"भदौ २९, २०७८",89.0,saved
2021-09-15,"भदौ ३०, २०७८",89.0,saved
2021-09-16,"भदौ ३१, २०७८",87.0,saved
2021-09-17,"असोज ०१, २०७८",85.0,saved
2021-09-18,"असोज ०२, २०७८",91.0,saved
2021-09-19,"असोज ०३, २०७८",90.0,saved
2021-09-20,"असोज ०४, २०७८",86.0,saved
2021-09-21,"असोज ०५, २०७८",92.0,saved
2021-09-22,"असोज ०६, २०७८",92.0,saved
2021-09-23,"असोज ०७, २०७८",89.0,saved
2021-09-24,"असोज ०८, २०७८",95.0,saved
2021-09-25,"असोज ०९, २०७८",94.0,saved
2021-09-26,"असोज १०, २०७८",95.0,saved
2021-09-27,"असोज ११, २०७८",94.0,saved
2021-09-28,"असोज १२, २०७८",93.0,saved
2021-09-29,"असोज १३, २०७८",94.0,saved
2021-09-30,"असोज १४, २०७८",94.0,saved
2021-10-01,"असोज १५, २०७८",94.0,saved
2021-10-02,"असोज १६, २०७८",98.0,saved
2021-10-03,"असोज १७, २०७८",98.0,saved
2021-10-04,"असोज १८, २०७८",97.0,saved
2021-10-05,"असोज १९, २०७८",99.0,saved
2021-10-06,"असोज २०, २०७८",100.0,saved
2021-10-07,"असोज २१, २०७८",98.0,saved
2021-10-08,"असोज २२, २०७८",100.0,saved
2021-10-09,"असोज २३, २०७८",100.0,saved
2021-10-10,"असोज २४, २०७८",100.0,saved
2021-10-11,"असोज २५, २०७८",101.0,saved
2021-10-12,"असोज २६, २०७८",100.0,saved
2021-10-13,"असोज २७, २०७८",100.0,saved
2021-10-14,"असोज २८, २०७८",57.0,saved
2021-10-15,"असोज २९, २०७८",78.0,saved
2021-10-16,"असोज ३०, २०७८",85.0,saved
2021-10-17,"असोज ३१, २०७८",90.0,saved
2021-10-18,"कार्तिक ०१, २०७८",96.0,saved
2021-10-19,"कार्तिक ०२, २०७८",98.0,saved
2021-10-20,"कार्तिक ०३, २०७८",95.0,saved
2021-10-21,"कार्तिक ०४, २०७८",95.0,saved
2021-10-22,"कार्तिक ०५, २०७८",95.0,saved
2021-10-23,"कार्तिक ०६, २०७८",96.0,saved
2021-10-24,"कार्तिक ०७, २०७८",97.0,saved
2021-10-25,"कार्तिक ०८, २०७८",97.0,saved
2021-10-26,"कार्तिक ०९, २०७८",95.0,saved
2021-10-27,"कार्तिक १०, २०७८",96.0,saved
2021-10-28,"कार्तिक ११, २०७८",96.0,saved
2021-10-29,"कार्तिक १२, २०७८",99.0,saved
2021-10-30,"कार्तिक १३, २०७८",103.0,saved
2021-10-31,"कार्तिक १४, २०७८",103.0,saved
2021-11-01,"कार्तिक १५, २०७८",102.0,saved
2021-11-02,"कार्तिक १६, २०७८",101.0,saved
2021-11-03,"कार्तिक १७, २०७८",103.0,saved
2021-11-04,"कार्तिक १८, २०७८",106.0,saved
2021-11-05,"कार्तिक १९, २०७८",106.0,saved
2021-11-06,"कार्तिक २०, २०७८",83.0,saved
2021-11-07,"कार्तिक २१, २०७८",86.0,saved
2021-11-08,"कार्तिक २२, २०७८",82.0,saved
2021-11-09,"कार्तिक २३, २०७८",102.0,saved
2021-11-10,"कार्तिक २४, २०७८",102.0,saved
2021-11-11,"कार्तिक २५, २०७८",99.0,saved
2021-11-12,"कार्तिक २६, २०७८",101.0,saved
2021-11-13,"कार्तिक २७, २०७८",105.0,saved
2021-11-14,"कार्तिक २८, २०७८",105.0,saved
2021-11-15,"कार्तिक २९, २०७८",103.0,saved
2021-11-16,"कार्तिक ३०, २०७८",104.0,saved
2021-11-17,"मङ्सिर ०१, २०७८",106.0,saved
2021-11-18,"मङ्सिर ०२, २०७८",104.0,saved
2021-11-19,"मङ्सिर ०३, २०७८",106.0,saved
2021-11-20,"मङ्सिर ०४, २०७८",107.0,saved
2021-11-21,"मङ्सिर ०५, २०७८",107.0,saved
2021-11-22,"मङ्सिर ०६, २०७८",105.0,saved
2021-11-23,"मङ्सिर ०७, २०७८",106.0,saved
2021-11-24,"मङ्सिर ०८, २०७८",108.0,saved
2021-11-25,"मङ्सिर ०९, २०७८",108.0,saved
2021-11-26,"मङ्सिर १०, २०७८",107.0,saved
2021-11-27,"मङ्सिर ११, २०७८",109.0,saved
2021-11-28,"मङ्सिर १२, २०७८",108.0,saved
2021-11-29,"मङ्सिर १३, २०७८",109.0,saved
2021-11-30,"मङ्सिर १४, २०७८",107.0,saved
2021-12-01,"मङ्सिर १५, २०७८",107.0,saved
2021-12-02,"मङ्सिर १६, २०७८",104.0,saved
2021-12-03,"मङ्सिर १७, २०७८",106.0,saved
2021-12-04,"मङ्सिर १८, २०७८",108.0,saved
2021-12-05,"मङ्सिर १९, २०७८",107.0,saved
2021-12-06,"मङ्सिर २०, २०७८",108.0,saved
2021-12-07,"मङ्सिर २१, २०७८",106.0,saved
2021-12-08,"मङ्सिर २२, २०७८",105.0,saved
2021-12-09,"मङ्सिर २३, २०७८",108.0,saved
2021-12-10,"मङ्सिर २४, २०७८",109.0,saved
2021-12-11,"मङ्सिर २५, २०७८",108.0,saved
2021-12-12,"मङ्सिर २६, २०७८",108.0,saved
2021-12-13,"मङ्सिर २७, २०७८",107.0,saved
2021-12-14,"मङ्सिर २८, २०७८",108.0,saved
2021-12-15,"मङ्सिर २९, २०७८",102.0,saved
2021-12-16,"पुस ०१, २०७८",109.0,saved
2021-12-17,"पुस ०२, २०७८",86.0,saved
2021-12-18,"पुस ०३, २०७८",112.0,saved
2021-12-19,"पुस ०४, २०७८",111.0,saved
2021-12-20,"पुस ०५, २०७८",110.0,saved
2021-12-21,"पुस ०६, २०७८",112.0,saved
2021-12-22,"पुस ०७, २०७८",108.0,saved
2021-12-23,"पुस ०८, २०७८",111.0,saved
2021-12-24,"पुस ०९, २०७८",109.0,saved
2021-12-25,"पुस १०, २०७८",110.0,saved
2021-12-26,"पुस ११, २०७८",111.0,saved
2021-12-27,"पुस १२, २०७८",111.0,saved
2021-12-28,"पुस १३, २०७८",109.0,saved
2021-12-29,"पुस १४, २०७८",110.0,saved
2021-12-30,"पुस १५, २०७८",97.0,saved
2021-12-31,"पुस १६, २०७८",108.0,saved
2022-01-01,"पुस १७, २०७८",109.0,saved
2022-01-02,"पुस १८, २०७८",107.0,saved
2022-01-03,"पुस १९, २०७८",107.0,saved
2022-01-04,"पुस २०, २०७८",107.0,saved
2022-01-05,"पुस २१, २०७८",107.0,saved
2022-01-06,"पुस २२, २०७८",106.0,saved
2022-01-07,"पुस २३, २०७८",108.0,saved
2022-01-08,"पुस २४, २०७८",108.0,saved
2022-01-09,"पुस २५, २०७८",109.0,saved
2022-01-10,"पुस २६, २०७८",105.0,saved
2022-01-11,"पुस २७, २०७८",104.0,saved
2022-01-12,"पुस २८, २०७८",103.0,saved
2022-01-13,"पुस २९, २०७८",102.0,saved
2022-01-14,"पुस ३०, २०७८",101.0,saved
2022-01-15,"माघ ०१, २०७८",101.0,saved
2022-01-16,"माघ ०२, २०७८",86.0,saved
2022-01-17,"माघ ०३, २०७८",101.0,saved
2022-01-18,"माघ ०४, २०७८",106.0,saved
2022-01-19,"माघ ०५, २०७८",102.0,saved
2022-01-20,"माघ ०६, २०७८",105.0,saved
2022-01-21,"माघ ०७, २०७८",105.0,saved
2022-01-22,"माघ ०८, २०७८",100.0,saved
2022-01-23,"माघ ०९, २०७८",107.0,saved
2022-01-24,"माघ १०, २०७८",105.0,saved
2022-01-25,"माघ ११, २०७८",104.0,saved
2022-01-26,"माघ १२, २०७८",102.0,saved
2022-01-27,"माघ १३, २०७८",102.0,saved
2022-01-28,"माघ १४, २०७८",104.0,saved
2022-01-29,"माघ १५, २०७८",104.0,saved
2022-01-30,"माघ १६, २०७८",105.0,saved
2022-01-31,"माघ १७, २०७८",104.0,saved
2022-02-01,"माघ १८, २०७८",104.0,saved
2022-02-02,"माघ १९, २०७८",102.0,saved
2022-02-03,"माघ २०, २०७८",104.0,saved
2022-02-04,"माघ २१, २०७८",104.0,saved
2022-02-05,"माघ २२, २०७८",98.0,saved
2022-02-06,"माघ २३, २०७८",99.0,saved
2022-02-07,"माघ २४, २०७८",99.0,saved
2022-02-08,"माघ २५, २०७८",106.0,saved
2022-02-09,"माघ २६, २०७८",105.0,saved
2022-02-10,"माघ २७, २०७८",107.0,saved
2022-02-11,"माघ २८, २०७८",108.0,saved
2022-02-12,"माघ २९, २०७८",107.0,saved
2022-02-13,"फाल्गुण ०१, २०७८",109.0,saved
2022-02-14,"फाल्गुण ०२, २०७८",109.0,saved
2022-02-15,"फाल्गुण ०३, २०७८",109.0,saved
2022-02-16,"फाल्गुण ०४, २०७८",109.0,saved
2022-02-17,"फाल्गुण ०५, २०७८",108.0,saved
2022-02-18,"फाल्गुण ०६, २०७८",108.0,saved
2022-02-19,"फाल्गुण ०७, २०७८",107.0,saved
2022-02-20,"फाल्गुण ०८, २०७८",107.0,saved
2022-02-21,"फाल्गुण ०९, २०७८",108.0,saved
2022-02-22,"फाल्गुण १०, २०७८",105.0,saved
2022-02-23,"फाल्गुण ११, २०७८",105.0,saved
2022-02-24,"फाल्गुण १२, २०७८",103.0,saved
2022-02-25,"फाल्गुण १३, २०७८",103.0,saved
2022-02-26,"फाल्गुण १४, २०७८",0.0,no_data
2022-02-27,"फाल्गुण १५, २०७८",103.0,saved
2022-02-28,"फाल्गुण १६, २०७८",102.0,saved
2022-03-01,"फाल्गुण १७, २०७८",108.0,saved
2022-03-02,"फाल्गुण १८, २०७८",109.0,saved
2022-03-03,"फाल्गुण १९, २०७८",108.0,saved
2022-03-04,"फाल्गुण २०, २०७८",0.0,no_data
2022-03-05,"फाल्गुण २१, २०७८",104.0,saved
2022-03-06,"फाल्गुण २२, २०७८",104.0,saved
2022-03-07,"फाल्गुण २३, २०७८",103.0,saved
2022-03-08,"फाल्गुण २४, २०७८",109.0,saved
2022-03-09,"फाल्गुण २५, २०७८",109.0,saved
2022-03-10,"फाल्गुण २६, २०७८",106.0,saved
2022-03-11,"फाल्गुण २७, २०७८",107.0,saved
2022-03-12,"फाल्गुण २८, २०७८",109.0,saved
2022-03-13,"फाल्गुण २९, २०७८",109.0,saved
2022-03-14,"फाल्गुण ३०, २०७८",108.0,saved
2022-03-15,"चैत ०१, २०७८",110.0,saved
2022-03-16,"चैत ०२, २०७८",110.0,saved
2022-03-17,"चैत ०३, २०७८",110.0,saved
2022-03-18,"चैत ०४, २०७८",110.0,saved
2022-03-19,"चैत ०५, २०७८",112.0,saved
2022-03-20,"चैत ०६, २०७८",112.0,saved
2022-03-21,"चैत ०७, २०७८",111.0,saved
2022-03-22,"चैत ०८, २०७८",113.0,saved
2022-03-23,"चैत ०९, २०७८",113.0,saved
2022-03-24,"चैत १०, २०७८",110.0,saved
2022-03-25,"चैत ११, २०७८",97.0,saved
2022-03-26,"चैत १२, २०७८",98.0,saved
2022-03-27,"चैत १३, २०७८",101.0,saved
2022-03-28,"चैत १४, २०७८",101.0,saved
2022-03-29,"चैत १५, २०७८",102.0,saved
2022-03-30,"चैत १६, २०७८",98.0,saved
2022-03-31,"चैत १७, २०७८",100.0,saved
2022-04-01,"चैत १८, २०७८",97.0,saved
2022-04-02,"चैत १९, २०७८",93.0,saved
2022-04-03,"चैत २०, २०७८",98.0,saved
2022-04-04,"चैत २१, २०७८",98.0,saved
2022-04-05,"चैत २२, २०७८",96.0,saved
2022-04-06,"चैत २३, २०७८",96.0,saved
2022-04-07,"चैत २४, २०७८",99.0,saved
2022-04-08,"चैत २५, २०७८",101.0,saved
2022-04-09,"चैत २६, २०७८",101.0,saved
2022-04-10,"चैत २७, २०७८",101.0,saved
2022-04-11,"चैत २८, २०७८",102.0,saved
2022-04-12,"चैत २९, २०७८",101.0,saved
2022-04-13,"चैत ३०, २०७८",93.0,saved
2022-04-14,"बैशाख ०१, २०७९",97.0,saved
2022-04-15,"बैशाख ०२, २०७९",98.0,saved
2022-04-16,"बैशाख ०३, २०७९",102.0,saved
2022-04-17,"बैशाख ०४, २०७९",102.0,saved
2022-04-18,"बैशाख ०५, २०७९",97.0,saved
2022-04-19,"बैशाख ०६, २०७९",99.0,saved
2022-04-20,"बैशाख ०७, २०७९",102.0,saved
2022-04-21,"बैशाख ०८, २०७९",102.0,saved
2022-04-22,"बैशाख ०९, २०७९",101.0,saved
2022-04-23,"बैशाख १०, २०७९",103.0,saved
2022-04-24,"बैशाख ११, २०७९",104.0,saved
2022-04-25,"बैशाख १२, २०७९",101.0,saved
2022-04-26,"बैशाख १३, २०७९",100.0,saved
2022-04-27,"बैशाख १४, २०७९",97.0,saved
2022-04-28,"बैशाख १५, २०७९",97.0,saved
2022-04-29,"बैशाख १६, २०७९",98.0,saved
2022-04-30,"बैशाख १७, २०७९",100.0,saved
2022-05-01,"बैशाख १८, २०७९",97.0,saved
2022-05-02,"बैशाख १९, २०७९",97.0,saved
2022-05-03,"बैशाख २०, २०७९",100.0,saved
2022-05-04,"बैशाख २१, २०७९",99.0,saved
2022-05-05,"बैशाख २२, २०७९",96.0,saved
2022-05-06,"बैशाख २३, २०७९",97.0,saved
2022-05-07,"बैशाख २४, २०७९",101.0,saved
2022-05-08,"बैशाख २५, २०७९",101.0,saved
2022-05-09,"बैशाख २६, २०७९",102.0,saved
2022-05-10,"बैशाख २७, २०७९",103.0,saved
2022-05-11,"बैशाख २८, २०७९",103.0,saved
2022-05-12,"बैशाख २९, २०७९",94.0,saved
2022-05-13,"बैशाख ३०, २०७९",0.0,no_data
2022-05-14,"बैशाख ३१, २०७९",67.0,saved
2022-05-15,"जेठ ०१, २०७९",100.0,saved
2022-05-16,"जेठ ०२, २०७९",98.0,saved
2022-05-17,"जेठ ०३, २०७९",99.0,saved
2022-05-18,"जेठ ०४, २०७९",103.0,saved
2022-05-19,"जेठ ०५, २०७९",103.0,saved
2022-05-20,"जेठ ०६, २०७९",101.0,saved
2022-05-21,"जेठ ०७, २०७९",104.0,saved
2022-05-22,"जेठ ०८, २०७९",99.0,saved
2022-05-23,"जेठ ०९, २०७९",98.0,saved
2022-05-24,"जेठ १०, २०७९",102.0,saved
2022-05-25,"जेठ ११, २०७९",102.0,saved
2022-05-26,"जेठ १२, २०७९",98.0,saved
2022-05-27,"जेठ १३, २०७९",98.0,saved
2022-05-28,"जेठ १४, २०७९",100.0,saved
2022-05-29,"जेठ १५, २०७९",88.0,saved
2022-05-30,"जेठ १६, २०७९",96.0,saved
2022-05-31,"जेठ १७, २०७९",96.0,saved
2022-06-01,"जेठ १८, २०७९",95.0,saved
2022-06-02,"जेठ १९, २०७९",95.0,saved
2022-06-03,"जेठ २०, २०७९",98.0,saved
2022-06-04,"जेठ २१, २०७९",89.0,saved
2022-06-05,"जेठ २२, २०७९",94.0,saved
2022-06-06,"जेठ २३, २०७९",92.0,saved
2022-06-07,"जेठ २४, २०७९",91.0,saved
2022-06-08,"जेठ २५, २०७९",94.0,saved
2022-06-09,"जेठ २६, २०७९",95.0,saved
2022-06-10,"जेठ २७, २०७९",95.0,saved
2022-06-11,"जेठ २८, २०७९",93.0,saved
2022-06-12,"जेठ २९, २०७९",90.0,saved
2022-06-13,"जेठ ३०, २०७९",91.0,saved
2022-06-14,"जेठ ३१, २०७९",92.0,saved
2022-06-15,"असार ०१, २०७९",93.0,saved
2022-06-16,"असार ०२, २०७९",81.0,saved
2022-06-17,"असार ०३, २०७९",90.0,saved
2022-06-18,"असार ०४, २०७९",89.0,saved
2022-06-19,"असार ०५, २०७९",90.0,saved
2022-06-20,"असार ०६, २०७९",89.0,saved
2022-06-21,"असार ०७, २०७९",88.0,saved
2022-06-22,"असार ०८, २०७९",90.0,saved
2022-06-23,"असार ०९, २०७९",87.0,saved
2022-06-24,"असार १०, २०७९",87.0,saved
2022-06-25,"असार ११, २०७९",89.0,saved
2022-06-26,"असार १२, २०७९",90.0,saved
2022-06-27,"असार १३, २०७९",90.0,saved
2022-06-28,"असार १४, २०७९",89.0,saved
2022-06-29,"असार १५, २०७९",86.0,saved
2022-06-30,"असार १६, २०७९",89.0,saved
2022-07-01,"असार १७, २०७९",90.0,saved
2022-07-02,"असार १८, २०७९",87.0,saved
2022-07-03,"असार १९, २०७९",89.0,saved
2022-07-04,"असार २०, २०७९",87.0,saved
2022-07-05,"असार २१, २०७९",87.0,saved
2022-07-06,"असार २२, २०७९",85.0,saved
2022-07-07,"असार २३, २०७९",86.0,saved
2022-07-08,"असार २४, २०७९",86.0,saved
2022-07-09,"असार २५, २०७९",88.0,saved
2022-07-10,"असार २६, २०७९",87.0,saved
2022-07-11,"असार २७, २०७९",87.0,saved
2022-07-12,"असार २८, २०७९",89.0,saved
2022-07-13,"असार २९, २०७९",87.0,saved
2022-07-14,"असार ३०, २०७९",88.0,saved
2022-07-15,"असार ३१, २०७९",89.0,saved
2022-07-16,"असार ३२, २०७९",90.0,saved
2022-07-17,"साउन ०१, २०७९",90.0,saved
2022-07-18,"साउन ०२, २०७९",89.0,saved
2022-07-19,"साउन ०३, २०७९",89.0,saved
2022-07-20,"साउन ०४, २०७९",88.0,saved
2022-07-21,"साउन ०५, २०७९",90.0,saved
2022-07-22,"साउन ०६, २०७९",90.0,saved
2022-07-23,"साउन ०७, २०७९",89.0,saved
2022-07-24,"साउन ०८, २०७९",89.0,saved
2022-07-25,"साउन ०९, २०७९",91.0,saved
2022-07-26,"साउन १०, २०७९",89.0,saved
2022-07-27,"साउन ११, २०७९",92.0,saved
2022-07-28,"साउन १२, २०७९",88.0,saved
2022-07-29,"साउन १३, २०७९",91.0,saved
2022-07-30,"साउन १४, २०७९",87.0,saved
2022-07-31,"साउन १५, २०७९",87.0,saved
2022-08-01,"साउन १६, २०७९",87.0,saved
2022-08-02,"साउन १७, २०७९",90.0,saved
2022-08-03,"साउन १८, २०७९",89.0,saved
2022-08-04,"साउन १९, २०७९",89.0,saved
2022-08-05,"साउन २०, २०७९",90.0,saved
2022-08-06,"साउन २१, २०७९",90.0,saved
2022-08-07,"साउन २२, २०७९",90.0,saved
2022-08-08,"साउन २३, २०७९",87.0,saved
2022-08-09,"साउन २४, २०७९",89.0,saved
2022-08-10,"साउन २५, २०७९",90.0,saved
2022-08-11,"साउन २६, २०७९",89.0,saved
2022-08-12,"साउन २७, २०७९",88.0,saved
2022-08-13,"साउन २८, २०७९",87.0,saved
2022-08-14,"साउन २९, २०७९",87.0,saved
2022-08-15,"साउन ३०, २०७९",88.0,saved
2022-08-16,"साउन ३१, २०७९",87.0,saved
2022-08-17,"भदौ ०१, २०७९",90.0,saved
2022-08-18,"भदौ ०२, २०७९",90.0,saved
2022-08-19,"भदौ ०३, २०७९",89.0,saved
2022-08-20,"भदौ ०४, २०७९",89.0,saved
2022-08-21,"भदौ ०५, २०७९",88.0,saved
2022-08-22,"भदौ ०६, २०७९",89.0,saved
2022-08-23,"भदौ ०७, २०७९",88.0,saved
2022-08-24,"भदौ ०८, २०७९",88.0,saved
2022-08-25,"भदौ ०९, २०७९",89.0,saved
2022-08-26,"भदौ १०, २०७९",90.0,saved
2022-08-27,"भदौ ११, २०७९",89.0,saved
2022-08-28,"भदौ १२, २०७९",89.0,saved
2022-08-29,"भदौ १३, २०७९",89.0,saved
2022-08-30,"भदौ १४, २०७९",90.0,saved
2022-08-31,"भदौ १५, २०७९",88.0,saved
2022-09-01,"भदौ १६, २०७९",88.0,saved
2022-09-02,"भदौ १७, २०७९",83.0,saved
2022-09-03,"भदौ १८, २०७९",84.0,saved
2022-09-04,"भदौ १९, २०७९",85.0,saved
2022-09-05,"भदौ २०, २०७९",83.0,saved
2022-09-06,"भदौ २१, २०७९",83.0,saved
2022-09-07,"भदौ २२, २०७९",84.0,saved
2022-09-08,"भदौ २३, २०७९",84.0,saved
2022-09-09,"भदौ २४, २०७९",84.0,saved
2022-09-10,"भदौ २५, २०७९",84.0,saved
2022-09-11,"भदौ २६, २०७९",85.0,saved
2022-09-12,"भदौ २७, २०७९",84.0,saved
2022-09-13,"भदौ २८, २०७९",85.0,saved
2022-09-14,"भदौ २९, २०७९",85.0,saved
2022-09-15,"भदौ ३०, २०७९",84.0,saved
2022-09-16,"भदौ ३१, २०७९",83.0,saved
2022-09-17,"असोज ०१, २०७९",83.0,saved
2022-09-18,"असोज ०२, २०७९",83.0,saved
2022-09-19,"असोज ०३, २०७९",83.0,saved
2022-09-20,"असोज ०४, २०७९",85.0,saved
2022-09-21,"असोज ०५, २०७९",82.0,saved
2022-09-22,"असोज ०६, २०७९",84.0,saved
2022-09-23,"असोज ०७, २०७९",84.0,saved
2022-09-24,"असोज ०८, २०७९",85.0,saved
2022-09-25,"असोज ०९, २०७९",84.0,saved
2022-09-26,"असोज १०, २०७९",87.0,saved
2022-09-27,"असोज ११, २०७९",87.0,saved
2022-09-28,"असोज १२, २०७९",89.0,saved
2022-09-29,"असोज १३, २०७९",91.0,saved
2022-09-30,"असोज १४, २०७९",94.0,saved
2022-10-01,"असोज १५, २०७९",99.0,saved
2022-10-02,"असोज १६, २०७९",98.0,saved
2022-10-03,"असोज १७, २०७९",94.0,saved
2022-10-04,"असोज १८, २०७९",68.0,saved
2022-10-05,"असोज १९, २०७९",58.0,saved
2022-10-06,"असोज २०, २०७९",62.0,saved
2022-10-07,"असोज २१, २०७९",61.0,saved
2022-10-08,"असोज २२, २०७९",82.0,saved
2022-10-09,"असोज २३, २०७९",84.0,saved
2022-10-10,"असोज २४, २०७९",94.0,saved
2022-10-11,"असोज २५, २०७९",96.0,saved
2022-10-12,"असोज २६, २०७९",95.0,saved
2022-10-13,"असोज २७, २०७९",96.0,saved
2022-10-14,"असोज २८, २०७९",94.0,saved
2022-10-15,"असोज २९, २०७९",93.0,saved
2022-10-16,"असोज ३०, २०७९",94.0,saved
2022-10-17,"असोज ३१, २०७९",97.0,saved
2022-10-18,"कार्तिक ०१, २०७९",99.0,saved
2022-10-19,"कार्तिक ०२, २०७९",97.0,saved
2022-10-20,"कार्तिक ०३, २०७९",97.0,saved
2022-10-21,"कार्तिक ०४, २०७९",97.0,saved
2022-10-22,"कार्तिक ०५, २०७९",97.0,saved
2022-10-23,"कार्तिक ०६, २०७९",97.0,saved
2022-10-24,"कार्तिक ०७, २०७९",104.0,saved
2022-10-25,"कार्तिक ०८, २०७९",103.0,saved
2022-10-26,"कार्तिक ०९, २०७९",103.0,saved
2022-10-27,"कार्तिक १०, २०७९",74.0,saved
2022-10-28,"कार्तिक ११, २०७९",59.0,saved
2022-10-29,"कार्तिक १२, २०७९",97.0,saved
2022-10-30,"कार्तिक १३, २०७९",97.0,saved
2022-10-31,"कार्तिक १४, २०७९",98.0,saved
2022-11-01,"कार्तिक १५, २०७९",96.0,saved
2022-11-02,"कार्तिक १६, २०७९",99.0,saved
2022-11-03,"कार्तिक १७, २०७९",102.0,saved
2022-11-04,"कार्तिक १८, २०७९",103.0,saved
2022-11-05,"कार्तिक १९, २०७९",101.0,saved
2022-11-06,"कार्तिक २०, २०७९",101.0,saved
2022-11-07,"कार्तिक २१, २०७९",101.0,saved
2022-11-08,"कार्तिक २२, २०७९",102.0,saved
2022-11-09,"कार्तिक २३, २०७९",101.0,saved
2022-11-10,"कार्तिक २४, २०७९",103.0,saved
2022-11-11,"कार्तिक २५, २०७९",104.0,saved
2022-11-12,"कार्तिक २६, २०७९",103.0,saved
2022-11-13,"कार्तिक २७, २०७९",103.0,saved
2022-11-14,"कार्तिक २८, २०७९",105.0,saved
2022-11-15,"कार्तिक २९, २०७९",103.0,saved
2022-11-16,"कार्तिक ३०, २०७९",102.0,saved
2022-11-17,"मङ्सिर ०१, २०७९",104.0,saved
2022-11-18,"मङ्सिर ०२, २०७९",105.0,saved
2022-11-19,"मङ्सिर ०३, २०७९",104.0,saved
2022-11-20,"मङ्सिर ०४, २०७९",0.0,no_data
2022-11-21,"मङ्सिर ०५, २०७९",105.0,saved
2022-11-22,"मङ्सिर ०६, २०७९",102.0,saved
2022-11-23,"मङ्सिर ०७, २०७९",103.0,saved
2022-11-24,"मङ्सिर ०८, २०७९",104.0,saved
2022-11-25,"मङ्सिर ०९, २०७९",104.0,saved
2022-11-26,"मङ्सिर १०, २०७९",105.0,saved
2022-11-27,"मङ्सिर ११, २०७९",105.0,saved
2022-11-28,"मङ्सिर १२, २०७९",107.0,saved
2022-11-29,"मङ्सिर १३, २०७९",104.0,saved
2022-11-30,"मङ्सिर १४, २०७९",106.0,saved
2022-12-01,"मङ्सिर १५, २०७९",110.0,saved
2022-12-02,"मङ्सिर १६, २०७९",108.0,saved
2022-12-03,"मङ्सिर १७, २०७९",107.0,saved
2022-12-04,"मङ्सिर १८, २०७९",105.0,saved
2022-12-05,"मङ्सिर १९, २०७९",107.0,saved
2022-12-06,"मङ्सिर २०, २०७९",108.0,saved
2022-12-07,"मङ्सिर २१, २०७९",100.0,saved
2022-12-08,"मङ्सिर २२, २०७९",108.0,saved
2022-12-09,"मङ्सिर २३, २०७९",109.0,saved
2022-12-10,"मङ्सिर २४, २०७९",106.0,saved
2022-12-11,"मङ्सिर २५, २०७९",107.0,saved
2022-12-12,"मङ्सिर २६, २०७९",109.0,saved
2022-12-13,"मङ्सिर २७, २०७९",108.0,saved
2022-12-14,"मङ्सिर २८, २०७९",107.0,saved
2022-12-15,"मङ्सिर २९, २०७९",104.0,saved
2022-12-16,"पुस ०१, २०७९",107.0,saved
2022-12-17,"पुस ०२, २०७९",105.0,saved
2022-12-18,"पुस ०३, २०७९",108.0,saved
2022-12-19,"पुस ०४, २०७९",106.0,saved
2022-12-20,"पुस ०५, २०७९",108.0,saved
2022-12-21,"पुस ०६, २०७९",110.0,saved
2022-12-22,"पुस ०७, २०७९",112.0,saved
2022-12-23,"पुस ०८, २०७९",107.0,saved
2022-12-24,"पुस ०९, २०७९",110.0,saved
2022-12-25,"पुस १०, २०७९",111.0,saved
2022-12-26,"पुस ११, २०७९",113.0,saved
2022-12-27,"पुस १२, २०७९",112.0,saved
2022-12-28,"पुस १३, २०७९",114.0,saved
2022-12-29,"पुस १४, २०७९",113.0,saved
2022-12-30,"पुस १५, २०७९",114.0,saved
2022-12-31,"पुस १६, २०७९",114.0,saved
2023-01-01,"पुस १७, २०७९",111.0,saved
2023-01-02,"पुस १८, २०७९",113.0,saved
2023-01-03,"पुस १९, २०७९",109.0,saved
2023-01-04,"पुस २०, २०७९",111.0,saved
2023-01-05,"पुस २१, २०७९",111.0,saved
2023-01-06,"पुस २२, २०७९",112.0,saved
2023-01-07,"पुस २३, २०७९",107.0,saved
2023-01-08,"पुस २४, २०७९",107.0,saved
2023-01-09,"पुस २५, २०७९",110.0,saved
2023-01-10,"पुस २६, २०७९",109.0,saved
2023-01-11,"पुस २७, २०७९",109.0,saved
2023-01-12,"पुस २८, २०७९",109.0,saved
2023-01-13,"पुस २९, २०७९",110.0,saved
2023-01-14,"पुस ३०, २०७९",109.0,saved
2023-01-15,"माघ ०१, २०७९",109.0,saved
2023-01-16,"माघ ०२, २०७९",109.0,saved
2023-01-17,"माघ ०३, २०७९",109.0,saved
2023-01-18,"माघ ०४, २०७९",108.0,saved
2023-01-19,"माघ ०५, २०७९",106.0,saved
2023-01-20,"माघ ०६, २०७९",110.0,saved
2023-01-21,"माघ ०७, २०७९",109.0,saved
2023-01-22,"माघ ०८, २०७९",109.0,saved
2023-01-23,"माघ ०९, २०७९",110.0,saved
2023-01-24,"माघ १०, २०७९",107.0,saved
2023-01-25,"माघ ११, २०७९",106.0,saved
2023-01-26,"माघ १२, २०७९",110.0,saved
2023-01-27,"माघ १३, २०७९",107.0,saved
2023-01-28,"माघ १४, २०७९",111.0,saved
2023-01-29,"माघ १५, २०७९",110.0,saved
2023-01-30,"माघ १६, २०७९",109.0,saved
2023-01-31,"माघ १७, २०७९",110.0,saved
2023-02-01,"माघ १८, २०७९",110.0,saved
2023-02-02,"माघ १९, २०७९",110.0,saved
2023-02-03,"माघ २०, २०७९",110.0,saved
2023-02-04,"माघ २१, २०७९",110.0,saved
2023-02-05,"माघ २२, २०७९",110.0,saved
2023-02-06,"माघ २३, २०७९",111.0,saved
2023-02-07,"माघ २४, २०७९",111.0,saved
2023-02-08,"माघ २५, २०७९",111.0,saved
2023-02-09,"माघ २६, २०७९",110.0,saved
2023-02-10,"माघ २७, २०७९",112.0,saved
2023-02-11,"माघ २८, २०७९",112.0,saved
2023-02-12,"माघ २९, २०७९",111.0,saved
2023-02-13,"फाल्गुण ०१, २०७९",113.0,saved
2023-02-14,"फाल्गुण ०२, २०७९",111.0,saved
2023-02-15,"फाल्गुण ०३, २०७९",114.0,saved
2023-02-16,"फाल्गुण ०४, २०७९",113.0,saved
2023-02-17,"फाल्गुण ०५, २०७९",112.0,saved
2023-02-18,"फाल्गुण ०६, २०७९",111.0,saved
2023-02-19,"फाल्गुण ०७, २०७९",110.0,saved
2023-02-20,"फाल्गुण ०८, २०७९",112.0,saved
2023-02-21,"फाल्गुण ०९, २०७९",111.0,saved
2023-02-22,"फाल्गुण १०, २०७९",112.0,saved
2023-02-23,"फाल्गुण ११, २०७९",113.0,saved
2023-02-24,"फाल्गुण १२, २०७९",112.0,saved
2023-02-25,"फाल्गुण १३, २०७९",109.0,saved
2023-02-26,"फाल्गुण १४, २०७९",109.0,saved
2023-02-27,"फाल्गुण १५, २०७९",111.0,saved
2023-02-28,"फाल्गुण १६, २०७९",112.0,saved
2023-03-01,"फाल्गुण १७, २०७९",112.0,saved
2023-03-02,"फाल्गुण १८, २०७९",112.0,saved
2023-03-03,"फाल्गुण १९, २०७९",110.0,saved
2023-03-04,"फाल्गुण २०, २०७९",0.0,no_data
2023-03-05,"फाल्गुण २१, २०७९",112.0,saved
2023-03-06,"फाल्गुण २२, २०७९",105.0,saved
2023-03-07,"फाल्गुण २३, २०७९",113.0,saved
2023-03-08,"फाल्गुण २४, २०७९",113.0,saved
2023-03-09,"फाल्गुण २५, २०७९",112.0,saved
2023-03-10,"फाल्गुण २६, २०७९",112.0,saved
2023-03-11,"फाल्गुण २७, २०७९",109.0,saved
2023-03-12,"फाल्गुण २८, २०७९",112.0,saved
2023-03-13,"फाल्गुण २९, २०७९",114.0,saved
2023-03-14,"फाल्गुण ३०, २०७९",115.0,saved
2023-03-15,"चैत ०१, २०७९",109.0,saved
2023-03-16,"चैत ०२, २०७९",115.0,saved
2023-03-17,"चैत ०३, २०७९",114.0,saved
2023-03-18,"चैत ०४, २०७९",114.0,saved
2023-03-19,"चैत ०५, २०७९",115.0,saved
2023-03-20,"चैत ०६, २०७९",112.0,saved
2023-03-21,"चैत ०७, २०७९",112.0,saved
2023-03-22,"चैत ०८, २०७९",110.0,saved
2023-03-23,"चैत ०९, २०७९",113.0,saved
2023-03-24,"चैत १०, २०७९",114.0,saved
2023-03-25,"चैत ११, २०७९",111.0,saved
2023-03-26,"चैत १२, २०७९",111.0,saved
2023-03-27,"चैत १३, २०७९",111.0,saved
2023-03-28,"चैत १४, २०७९",110.0,saved
2023-03-29,"चैत १५, २०७९",111.0,saved
2023-03-30,"चैत १६, २०७९",111.0,saved
2023-03-31,"चैत १७, २०७९",110.0,saved
2023-04-01,"चैत १८, २०७९",110.0,saved
2023-04-02,"चैत १९, २०७९",110.0,saved
2023-04-03,"चैत २०, २०७९",109.0,saved
2023-04-04,"चैत २१, २०७९",110.0,saved
2023-04-05,"चैत २२, २०७९",108.0,saved
2023-04-06,"चैत २३, २०७९",107.0,saved
2023-04-07,"चैत २४, २०७९",106.0,saved
2023-04-08,"चैत २५, २०७९",108.0,saved
2023-04-09,"चैत २६, २०७९",110.0,saved
2023-04-10,"चैत २७, २०७९",110.0,saved
2023-04-11,"चैत २८, २०७९",110.0,saved
2023-04-12,"चैत २९, २०७९",110.0,saved
2023-04-13,"चैत ३०, २०७९",110.0,saved
2023-04-14,"बैशाख ०१, २०८०",108.0,saved
2023-04-15,"बैशाख ०२, २०८०",110.0,saved
2023-04-16,"बैशाख ०३, २०८०",107.0,saved
2023-04-17,"बैशाख ०४, २०८०",109.0,saved
2023-04-18,"बैशाख ०५, २०८०",106.0,saved
2023-04-19,"बैशाख ०६, २०८०",106.0,saved
2023-04-20,"बैशाख ०७, २०८०",106.0,saved
2023-04-21,"बैशाख ०८, २०८०",105.0,saved
2023-04-22,"बैशाख ०९, २०८०",104.0,saved
2023-04-23,"बैशाख १०, २०८०",109.0,saved
2023-04-24,"बैशाख ११, २०८०",97.0,saved
2023-04-25,"बैशाख १२, २०८०",107.0,saved
2023-04-26,"बैशाख १३, २०८०",108.0,saved
2023-04-27,"बैशाख १४, २०८०",107.0,saved
2023-04-28,"बैशाख १५, २०८०",107.0,saved
2023-04-29,"बैशाख १६, २०८०",108.0,saved
2023-04-30,"बैशाख १७, २०८०",110.0,saved
2023-05-01,"बैशाख १८, २०८०",103.0,saved
2023-05-02,"बैशाख १९, २०८०",104.0,saved
2023-05-03,"बैशाख २०, २०८०",102.0,saved
2023-05-04,"बैशाख २१, २०८०",100.0,saved
2023-05-05,"बैशाख २२, २०८०",103.0,saved
2023-05-06,"बैशाख २३, २०८०",102.0,saved
2023-05-07,"बैशाख २४, २०८०",107.0,saved
2023-05-08,"बैशाख २५, २०८०",103.0,saved
2023-05-09,"बैशाख २६, २०८०",101.0,saved
2023-05-10,"बैशाख २७, २०८०",95.0,saved
2023-05-11,"बैशाख २८, २०८०",95.0,saved
2023-05-12,"बैशाख २९, २०८०",98.0,saved
2023-05-13,"बैशाख ३०, २०८०",99.0,saved
2023-05-14,"बैशाख ३१, २०८०",105.0,saved
2023-05-15,"जेठ ०१, २०८०",100.0,saved
2023-05-16,"जेठ ०२, २०८०",102.0,saved
2023-05-17,"जेठ ०३, २०८०",103.0,saved
2023-05-18,"जेठ ०४, २०८०",103.0,saved
2023-05-19,"जेठ ०५, २०८०",103.0,saved
2023-05-20,"जेठ ०६, २०८०",101.0,saved
2023-05-21,"जेठ ०७, २०८०",100.0,saved
2023-05-22,"जेठ ०८, २०८०",102.0,saved
2023-05-23,"जेठ ०९, २०८०",102.0,saved
2023-05-24,"जेठ १०, २०८०",103.0,saved
2023-05-25,"जेठ ११, २०८०",100.0,saved
2023-05-26,"जेठ १२, २०८०",101.0,saved
2023-05-27,"जेठ १३, २०८०",100.0,saved
2023-05-28,"जेठ १४, २०८०",100.0,saved
2023-05-29,"जेठ १५, २०८०",97.0,saved
2023-05-30,"जेठ १६, २०८०",96.0,saved
2023-05-31,"जेठ १७, २०८०",98.0,saved
2023-06-01,"जेठ १८, २०८०",99.0,saved
2023-06-02,"जेठ १९, २०८०",101.0,saved
2023-06-03,"जेठ २०, २०८०",101.0,saved
2023-06-04,"जेठ २१, २०८०",101.0,saved
2023-06-05,"जेठ २२, २०८०",99.0,saved
2023-06-06,"जेठ २३, २०८०",98.0,saved
2023-06-07,"जेठ २४, २०८०",99.0,saved
2023-06-08,"जेठ २५, २०८०",97.0,saved
2023-06-09,"जेठ २६, २०८०",96.0,saved
2023-06-10,"जेठ २७, २०८०",100.0,saved
2023-06-11,"जेठ २८, २०८०",101.0,saved
2023-06-12,"जेठ २९, २०८०",100.0,saved
2023-06-13,"जेठ ३०, २०८०",99.0,saved
2023-06-14,"जेठ ३१, २०८०",97.0,saved
2023-06-15,"जेठ ३२, २०८०",96.0,saved
2023-06-16,"असार ०१, २०८०",97.0,saved
2023-06-17,"असार ०२, २०८०",94.0,saved
2023-06-18,"असार ०३, २०८०",92.0,saved
2023-06-19,"असार ०४, २०८०",93.0,saved
2023-06-20,"असार ०५, २०८०",91.0,saved
2023-06-21,"असार ०६, २०८०",94.0,saved
2023-06-22,"असार ०७, २०८०",91.0,saved
2023-06-23,"असार ०८, २०८०",92.0,saved
2023-06-24,"असार ०९, २०८०",91.0,saved
2023-06-25,"असार १०, २०८०",97.0,saved
2023-06-26,"असार ११, २०८०",89.0,saved
2023-06-27,"असार १२, २०८०",86.0,saved
2023-06-28,"असार १३, २०८०",85.0,saved
2023-06-29,"असार १४, २०८०",85.0,saved
2023-06-30,"असार १५, २०८०",88.0,saved
2023-07-01,"असार १६, २०८०",89.0,saved
2023-07-02,"असार १७, २०८०",90.0,saved
2023-07-03,"असार १८, २०८०",88.0,saved
2023-07-04,"असार १९, २०८०",85.0,saved
2023-07-05,"असार २०, २०८०",89.0,saved
2023-07-06,"असार २१, २०८०",82.0,saved
2023-07-07,"असार २२, २०८०",85.0,saved
2023-07-08,"असार २३, २०८०",89.0,saved
2023-07-09,"असार २४, २०८०",90.0,saved
2023-07-10,"असार २५, २०८०",91.0,saved
2023-07-11,"असार २६, २०८०",89.0,saved
2023-07-12,"असार २७, २०८०",88.0,saved
2023-07-13,"असार २८, २०८०",91.0,saved
2023-07-14,"असार २९, २०८०",92.0,saved
2023-07-15,"असार ३०, २०८०",90.0,saved
2023-07-16,"असार ३१, २०८०",90.0,saved
2023-07-17,"साउन ०१, २०८०",88.0,saved
2023-07-18,"साउन ०२, २०८०",89.0,saved
2023-07-19,"साउन ०३, २०८०",90.0,saved
2023-07-20,"साउन ०४, २०८०",88.0,saved
2023-07-21,"साउन ०५, २०८०",85.0,saved
2023-07-22,"साउन ०६, २०८०",89.0,saved
2023-07-23,"साउन ०७, २०८०",91.0,saved
2023-07-24,"साउन ०८, २०८०",89.0,saved
2023-07-25,"साउन ०९, २०८०",86.0,saved
2023-07-26,"साउन १०, २०८०",84.0,saved
2023-07-27,"साउन ११, २०८०",88.0,saved
2023-07-28,"साउन १२, २०८०",88.0,saved
2023-07-29,"साउन १३, २०८०",89.0,saved
2023-07-30,"साउन १४, २०८०",92.0,saved
2023-07-31,"साउन १५, २०८०",89.0,saved
2023-08-01,"साउन १६, २०८०",85.0,saved
2023-08-02,"साउन १७, २०८०",89.0,saved
2023-08-03,"साउन १८, २०८०",88.0,saved
2023-08-04,"साउन १९, २०८०",90.0,saved
2023-08-05,"साउन २०, २०८०",89.0,saved
2023-08-06,"साउन २१, २०८०",90.0,saved
2023-08-07,"साउन २२, २०८०",87.0,saved
2023-08-08,"साउन २३, २०८०",86.0,saved
2023-08-09,"साउन २४, २०८०",88.0,saved
2023-08-10,"साउन २५, २०८०",86.0,saved
2023-08-11,"साउन २६, २०८०",87.0,saved
2023-08-12,"साउन २७, २०८०",87.0,saved
2023-08-13,"साउन २८, २०८०",88.0,saved
2023-08-14,"साउन २९, २०८०",74.0,saved
2023-08-15,"साउन ३०, २०८०",85.0,saved
2023-08-16,"साउन ३१, २०८०",84.0,saved
2023-08-17,"साउन ३२, २०८०",85.0,saved
2023-08-18,"भदौ ०१, २०८०",82.0,saved
2023-08-19,"भदौ ०२, २०८०",85.0,saved
2023-08-20,"भदौ ०३, २०८०",88.0,saved
2023-08-21,"भदौ ०४, २०८०",85.0,saved
2023-08-22,"भदौ ०५, २०८०",85.0,saved
2023-08-23,"भदौ ०६, २०८०",88.0,saved
2023-08-24,"भदौ ०७, २०८०",90.0,saved
2023-08-25,"भदौ ०८, २०८०",93.0,saved
2023-08-26,"भदौ ०९, २०८०",92.0,saved
2023-08-27,"भदौ १०, २०८०",92.0,saved
2023-08-28,"भदौ ११, २०८०",95.0,saved
2023-08-29,"भदौ १२, २०८०",91.0,saved
2023-08-30,"भदौ १३, २०८०",90.0,saved
2023-08-31,"भदौ १४, २०८०",88.0,saved
2023-09-01,"भदौ १५, २०८०",89.0,saved
2023-09-02,"भदौ १६, २०८०",93.0,saved
2023-09-03,"भदौ १७, २०८०",94.0,saved
2023-09-04,"भदौ १८, २०८०",93.0,saved
2023-09-05,"भदौ १९, २०८०",91.0,saved
2023-09-06,"भदौ २०, २०८०",92.0,saved
2023-09-07,"भदौ २१, २०८०",91.0,saved
2023-09-08,"भदौ २२, २०८०",93.0,saved
2023-09-09,"भदौ २३, २०८०",90.0,saved
2023-09-10,"भदौ २४, २०८०",91.0,saved
2023-09-11,"भदौ २५, २०८०",88.0,saved
2023-09-12,"भदौ २६, २०८०",91.0,saved
2023-09-13,"भदौ २७, २०८०",92.0,saved
2023-09-14,"भदौ २८, २०८०",88.0,saved
2023-09-15,"भदौ २९, २०८०",91.0,saved
2023-09-16,"भदौ ३०, २०८०",92.0,saved
2023-09-17,"भदौ ३१, २०८०",92.0,saved
2023-09-18,"असोज ०१, २०८०",89.0,saved
2023-09-19,"असोज ०२, २०८०",96.0,saved
2023-09-20,"असोज ०३, २०८०",97.0,saved
2023-09-21,"असोज ०४, २०८०",97.0,saved
2023-09-22,"असोज ०५, २०८०",94.0,saved
2023-09-23,"असोज ०६, २०८०",95.0,saved
2023-09-24,"असोज ०७, २०८०",94.0,saved
2023-09-25,"असोज ०८, २०८०",96.0,saved
2023-09-26,"असोज ०९, २०८०",94.0,saved
2023-09-27,"असोज १०, २०८०",95.0,saved
2023-09-28,"असोज ११, २०८०",94.0,saved
2023-09-29,"असोज १२, २०८०",95.0,saved
2023-09-30,"असोज १३, २०८०",92.0,saved
2023-10-01,"असोज १४, २०८०",94.0,saved
2023-10-02,"असोज १५, २०८०",93.0,saved
2023-10-03,"असोज १६, २०८०",89.0,saved
2023-10-04,"असोज १७, २०८०",91.0,saved
2023-10-05,"असोज १८, २०८०",89.0,saved
2023-10-06,"असोज १९, २०८०",95.0,saved
2023-10-07,"असोज २०, २०८०",100.0,saved
2023-10-08,"असोज २१, २०८०",101.0,saved
2023-10-09,"असोज २२, २०८०",100.0,saved
2023-10-10,"असोज २३, २०८०",101.0,saved
2023-10-11,"असोज २४, २०८०",101.0,saved
2023-10-12,"असोज २५, २०८०",101.0,saved
2023-10-13,"असोज २६, २०८०",99.0,saved
2023-10-14,"असोज २७, २०८०",98.0,saved
2023-10-15,"असोज २८, २०८०",98.0,saved
2023-10-16,"असोज २९, २०८०",98.0,saved
2023-10-17,"असोज ३०, २०८०",107.0,saved
2023-10-18,"कार्तिक ०१, २०८०",106.0,saved
2023-10-19,"कार्तिक ०२, २०८०",105.0,saved
2023-10-20,"कार्तिक ०३, २०८०",106.0,saved
2023-10-21,"कार्तिक ०४, २०८०",104.0,saved
2023-10-22,"कार्तिक ०५, २०८०",102.0,saved
2023-10-23,"कार्तिक ०६, २०८०",84.0,saved
2023-10-24,"कार्तिक ०७, २०८०",58.0,saved
2023-10-25,"कार्तिक ०८, २०८०",65.0,saved
2023-10-26,"कार्तिक ०९, २०८०",89.0,saved
2023-10-27,"कार्तिक १०, २०८०",98.0,saved
2023-10-28,"कार्तिक ११, २०८०",101.0,saved
2023-10-29,"कार्तिक १२, २०८०",101.0,saved
2023-10-30,"कार्तिक १३, २०८०",101.0,saved
2023-10-31,"कार्तिक १४, २०८०",102.0,saved
2023-11-01,"कार्तिक १५, २०८०",104.0,saved
2023-11-02,"कार्तिक १६, २०८०",106.0,saved
2023-11-03,"कार्तिक १७, २०८०",106.0,saved
2023-11-04,"कार्तिक १८, २०८०",99.0,saved
2023-11-05,"कार्तिक १९, २०८०",104.0,saved
2023-11-06,"कार्तिक २०, २०८०",99.0,saved
2023-11-07,"कार्तिक २१, २०८०",105.0,saved
2023-11-08,"कार्तिक २२, २०८०",107.0,saved
2023-11-09,"कार्तिक २३, २०८०",104.0,saved
2023-11-10,"कार्तिक २४, २०८०",106.0,saved
2023-11-11,"कार्तिक २५, २०८०",108.0,saved
2023-11-12,"कार्तिक २६, २०८०",104.0,saved
2023-11-13,"कार्तिक २७, २०८०",105.0,saved
2023-11-14,"कार्तिक २८, २०८०",100.0,saved
2023-11-15,"कार्तिक २९, २०८०",78.0,saved
2023-11-16,"कार्तिक ३०, २०८०",69.0,saved
2023-11-17,"मङ्सिर ०१, २०८०",107.0,saved
2023-11-18,"मङ्सिर ०२, २०८०",99.0,saved
2023-11-19,"मङ्सिर ०३, २०८०",100.0,saved
2023-11-20,"मङ्सिर ०४, २०८०",102.0,saved
2023-11-21,"मङ्सिर ०५, २०८०",102.0,saved
2023-11-22,"मङ्सिर ०६, २०८०",102.0,saved
2023-11-23,"मङ्सिर ०७, २०८०",104.0,saved
2023-11-24,"मङ्सिर ०८, २०८०",102.0,saved
2023-11-25,"मङ्सिर ०९, २०८०",103.0,saved
2023-11-26,"मङ्सिर १०, २०८०",105.0,saved
2023-11-27,"मङ्सिर ११, २०८०",103.0,saved
2023-11-28,"मङ्सिर १२, २०८०",105.0,saved
2023-11-29,"मङ्सिर १३, २०८०",108.0,saved
2023-11-30,"मङ्सिर १४, २०८०",109.0,saved
2023-12-01,"मङ्सिर १५, २०८०",110.0,saved
2023-12-02,"मङ्सिर १६, २०८०",110.0,saved
2023-12-03,"मङ्सिर १७, २०८०",112.0,saved
2023-12-04,"मङ्सिर १८, २०८०",108.0,saved
2023-12-05,"मङ्सिर १९, २०८०",103.0,saved
2023-12-06,"मङ्सिर २०, २०८०",106.0,saved
2023-12-07,"मङ्सिर २१, २०८०",107.0,saved
2023-12-08,"मङ्सिर २२, २०८०",110.0,saved
2023-12-09,"मङ्सिर २३, २०८०",108.0,saved
2023-12-10,"मङ्सिर २४, २०८०",109.0,saved
2023-12-11,"मङ्सिर २५, २०८०",110.0,saved
2023-12-12,"मङ्सिर २६, २०८०",112.0,saved
2023-12-13,"मङ्सिर २७, २०८०",111.0,saved
2023-12-14,"मङ्सिर २८, २०८०",111.0,saved
2023-12-15,"मङ्सिर २९, २०८०",111.0,saved
2023-12-16,"मङ्सिर ३०, २०८०",109.0,saved
2023-12-17,"पुस ०१, २०८०",112.0,saved
2023-12-18,"पुस ०२, २०८०",111.0,saved
2023-12-19,"पुस ०३, २०८०",112.0,saved
2023-12-20,"पुस ०४, २०८०",108.0,saved
2023-12-21,"पुस ०५, २०८०",105.0,saved
2023-12-22,"पुस ०६, २०८०",107.0,saved
2023-12-23,"पुस ०७, २०८०",110.0,saved
2023-12-24,"पुस ०८, २०८०",110.0,saved
2023-12-25,"पुस ०९, २०८०",111.0,saved
2023-12-26,"पुस १०, २०८०",109.0,saved
2023-12-27,"पुस ११, २०८०",108.0,saved
2023-12-28,"पुस १२, २०८०",109.0,saved
2023-12-29,"पुस १३, २०८०",111.0,saved
2023-12-30,"पुस १४, २०८०",110.0,saved
2023-12-31,"पुस १५, २०८०",110.0,saved
2024-01-01,"पुस १६, २०८०",108.0,saved
2024-01-02,"पुस १७, २०८०",107.0,saved
2024-01-03,"पुस १८, २०८०",107.0,saved
2024-01-04,"पुस १९, २०८०",105.0,saved
2024-01-05,"पुस २०, २०८०",108.0,saved
2024-01-06,"पुस २१, २०८०",107.0,saved
2024-01-07,"पुस २२, २०८०",107.0,saved
2024-01-08,"पुस २३, २०८०",106.0,saved
2024-01-09,"पुस २४, २०८०",107.0,saved
2024-01-10,"पुस २५, २०८०",105.0,saved
2024-01-11,"पुस २६, २०८०",105.0,saved
2024-01-12,"पुस २७, २०८०",105.0,saved
2024-01-13,"पुस २८, २०८०",105.0,saved
2024-01-14,"पुस २९, २०८०",105.0,saved
2024-01-15,"माघ ०१, २०८०",106.0,saved
2024-01-16,"माघ ०२, २०८०",100.0,saved
2024-01-17,"माघ ०३, २०८०",106.0,saved
2024-01-18,"माघ ०४, २०८०",108.0,saved
2024-01-19,"माघ ०५, २०८०",105.0,saved
2024-01-20,"माघ ०६, २०८०",105.0,saved
2024-01-21,"माघ ०७, २०८०",103.0,saved
2024-01-22,"माघ ०८, २०८०",106.0,saved
2024-01-23,"माघ ०९, २०८०",106.0,saved
2024-01-24,"माघ १०, २०८०",109.0,saved
2024-01-25,"माघ ११, २०८०",108.0,saved
2024-01-26,"माघ १२, २०८०",107.0,saved
2024-01-27,"माघ १३, २०८०",107.0,saved
2024-01-28,"माघ १४, २०८०",107.0,saved
2024-01-29,"माघ १५, २०८०",104.0,saved
2024-01-30,"माघ १६, २०८०",103.0,saved
2024-01-31,"माघ १७, २०८०",104.0,saved
2024-02-01,"माघ १८, २०८०",107.0,saved
2024-02-02,"माघ १९, २०८०",105.0,saved
2024-02-03,"माघ २०, २०८०",106.0,saved
2024-02-04,"माघ २१, २०८०",110.0,saved
2024-02-05,"माघ २२, २०८०",105.0,saved
2024-02-06,"माघ २३, २०८०",103.0,saved
2024-02-07,"माघ २४, २०८०",0.0,no_data
2024-02-08,"माघ २५, २०८०",101.0,saved
2024-02-09,"माघ २६, २०८०",101.0,saved
2024-02-10,"माघ २७, २०८०",102.0,saved
2024-02-11,"माघ २८, २०८०",102.0,saved
2024-02-12,"माघ २९, २०८०",103.0,saved
2024-02-13,"फाल्गुण ०१, २०८०",103.0,saved
2024-02-14,"फाल्गुण ०२, २०८०",103.0,saved
2024-02-15,"फाल्गुण ०३, २०८०",103.0,saved
2024-02-16,"फाल्गुण ०४, २०८०",103.0,saved
2024-02-17,"फाल्गुण ०५, २०८०",101.0,saved
2024-02-18,"फाल्गुण ०६, २०८०",103.0,saved
2024-02-19,"फाल्गुण ०७, २०८०",102.0,saved
2024-02-20,"फाल्गुण ०८, २०८०",105.0,saved
2024-02-21,"फाल्गुण ०९, २०८०",105.0,saved
2024-02-22,"फाल्गुण १०, २०८०",102.0,saved
2024-02-23,"फाल्गुण ११, २०८०",109.0,saved
2024-02-24,"फाल्गुण १२, २०८०",104.0,saved
2024-02-25,"फाल्गुण १३, २०८०",108.0,saved
2024-02-26,"फाल्गुण १४, २०८०",103.0,saved
2024-02-27,"फाल्गुण १५, २०८०",101.0,saved
2024-02-28,"फाल्गुण १६, २०८०",106.0,saved
2024-02-29,"फाल्गुण १७, २०८०",107.0,saved
2024-03-01,"फाल्गुण १८, २०८०",106.0,saved
2024-03-02,"फाल्गुण १९, २०८०",108.0,saved
2024-03-03,"फाल्गुण २०, २०८०",0.0,no_data
2024-03-04,"फाल्गुण २१, २०८०",108.0,saved
2024-03-05,"फाल्गुण २२, २०८०",109.0,saved
2024-03-06,"फाल्गुण २३, २०८०",109.0,saved
2024-03-07,"फाल्गुण २४, २०८०",105.0,saved
2024-03-08,"फाल्गुण २५, २०८०",106.0,saved
2024-03-09,"फाल्गुण २६, २०८०",107.0,saved
2024-03-10,"फाल्गुण २७, २०८०",107.0,saved
2024-03-11,"फाल्गुण २८, २०८०",106.0,saved
2024-03-12,"फाल्गुण २९, २०८०",106.0,saved
2024-03-13,"फाल्गुण ३०, २०८०",108.0,saved
2024-03-14,"चैत ०१, २०८०",104.0,saved
2024-03-15,"चैत ०२, २०८०",105.0,saved
2024-03-16,"चैत ०३, २०८०",102.0,saved
2024-03-17,"चैत ०४, २०८०",106.0,saved
2024-03-18,"चैत ०५, २०८०",104.0,saved
2024-03-19,"चैत ०६, २०८०",105.0,saved
2024-03-20,"चैत ०७, २०८०",107.0,saved
2024-03-21,"चैत ०८, २०८०",101.0,saved
2024-03-22,"चैत ०९, २०८०",102.0,saved
2024-03-23,"चैत १०, २०८०",101.0,saved
2024-03-24,"चैत ११, २०८०",106.0,saved
2024-03-25,"चैत १२, २०८०",101.0,saved
2024-03-26,"चैत १३, २०८०",103.0,saved
2024-03-27,"चैत १४, २०८०",100.0,saved
2024-03-28,"चैत १५, २०८०",98.0,saved
2024-03-29,"चैत १६, २०८०",100.0,saved
2024-03-30,"चैत १७, २०८०",99.0,saved
2024-03-31,"चैत १८, २०८०",101.0,saved
2024-04-01,"चैत १९, २०८०",102.0,saved
2024-04-02,"चैत २०, २०८०",100.0,saved
2024-04-03,"चैत २१, २०८०",103.0,saved
2024-04-04,"चैत २२, २०८०",100.0,saved
2024-04-05,"चैत २३, २०८०",106.0,saved
2024-04-06,"चैत २४, २०८०",98.0,saved
2024-04-07,"चैत २५, २०८०",107.0,saved
2024-04-08,"चैत २६, २०८०",104.0,saved
2024-04-09,"चैत २७, २०८०",103.0,saved
2024-04-10,"चैत २८, २०८०",100.0,saved
2024-04-11,"चैत २९, २०८०",97.0,saved
2024-04-12,"चैत ३०, २०८०",100.0,saved
2024-04-13,"बैशाख ०१, २०८१",96.0,saved
2024-04-14,"बैशाख ०२, २०८१",100.0,saved
2024-04-15,"बैशाख ०३, २०८१",94.0,saved
2024-04-16,"बैशाख ०४, २०८१",103.0,saved
2024-04-17,"बैशाख ०५, २०८१",104.0,saved
2024-04-18,"बैशाख ०६, २०८१",106.0,saved
2024-04-19,"बैशाख ०७, २०८१",102.0,saved
2024-04-20,"बैशाख ०८, २०८१",101.0,saved
2024-04-21,"बैशाख ०९, २०८१",104.0,saved
2024-04-22,"बैशाख १०, २०८१",99.0,saved
2024-04-23,"बैशाख ११, २०८१",95.0,saved
2024-04-24,"बैशाख १२, २०८१",94.0,saved
2024-04-25,"बैशाख १३, २०८१",93.0,saved
2024-04-26,"बैशाख १४, २०८१",95.0,saved
2024-04-27,"बैशाख १५, २०८१",98.0,saved
2024-04-28,"बैशाख १६, २०८१",95.0,saved
2024-04-29,"बैशाख १७, २०८१",100.0,saved
2024-04-30,"बैशाख १८, २०८१",97.0,saved
2024-05-01,"बैशाख १९, २०८१",98.0,saved
2024-05-02,"बैशाख २०, २०८१",102.0,saved
2024-05-03,"बैशाख २१, २०८१",99.0,saved
2024-05-04,"बैशाख २२, २०८१",100.0,saved
2024-05-05,"बैशाख २३, २०८१",99.0,saved
2024-05-06,"बैशाख २४, २०८१",95.0,saved
2024-05-07,"बैशाख २५, २०८१",103.0,saved
2024-05-08,"बैशाख २६, २०८१",103.0,saved
2024-05-09,"बैशाख २७, २०८१",100.0,saved
2024-05-10,"बैशाख २८, २०८१",103.0,saved
2024-05-11,"बैशाख २९, २०८१",100.0,saved
2024-05-12,"बैशाख ३०, २०८१",100.0,saved
2024-05-13,"बैशाख ३१, २०८१",97.0,saved
2024-05-14,"जेठ ०१, २०८१",101.0,saved
2024-05-15,"जेठ ०२, २०८१",102.0,saved
2024-05-16,"जेठ ०३, २०८१",100.0,saved
2024-05-17,"जेठ ०४, २०८१",95.0,saved
2024-05-18,"जेठ ०५, २०८१",96.0,saved
2024-05-19,"जेठ ०६, २०८१",99.0,saved
2024-05-20,"जेठ ०७, २०८१",98.0,saved
2024-05-21,"जेठ ०८, २०८१",99.0,saved
2024-05-22,"जेठ ०९, २०८१",97.0,saved
2024-05-23,"जेठ १०, २०८१",100.0,saved
2024-05-24,"जेठ ११, २०८१",99.0,saved
2024-05-25,"जेठ १२, २०८१",98.0,saved
2024-05-26,"जेठ १३, २०८१",96.0,saved
2024-05-27,"जेठ १४, २०८१",98.0,saved
2024-05-28,"जेठ १५, २०८१",98.0,saved
2024-05-29,"जेठ १६, २०८१",97.0,saved
2024-05-30,"जेठ १७, २०८१",99.0,saved
2024-05-31,"जेठ १८, २०८१",97.0,saved
2024-06-01,"जेठ १९, २०८१",99.0,saved
2024-06-02,"जेठ २०, २०८१",99.0,saved
2024-06-03,"जेठ २१, २०८१",101.0,saved
2024-06-04,"जेठ २२, २०८१",100.0,saved
2024-06-05,"जेठ २३, २०८१",98.0,saved
2024-06-06,"जेठ २४, २०८१",99.0,saved
2024-06-07,"जेठ २५, २०८१",94.0,saved
2024-06-08,"जेठ २६, २०८१",90.0,saved
2024-06-09,"जेठ २७, २०८१",92.0,saved
2024-06-10,"जेठ २८, २०८१",89.0,saved
2024-06-11,"जेठ २९, २०८१",92.0,saved
2024-06-12,"जेठ ३०, २०८१",89.0,saved
2024-06-13,"जेठ ३१, २०८१",91.0,saved
2024-06-14,"जेठ ३२, २०८१",88.0,saved
2024-06-15,"असार ०१, २०८१",89.0,saved
2024-06-16,"असार ०२, २०८१",91.0,saved
2024-06-17,"असार ०३, २०८१",72.0,saved
2024-06-18,"असार ०४, २०८१",91.0,saved
2024-06-19,"असार ०५, २०८१",89.0,saved
2024-06-20,"असार ०६, २०८१",89.0,saved
2024-06-21,"असार ०७, २०८१",87.0,saved
2024-06-22,"असार ०८, २०८१",87.0,saved
2024-06-23,"असार ०९, २०८१",89.0,saved
2024-06-24,"असार १०, २०८१",83.0,saved
2024-06-25,"असार ११, २०८१",85.0,saved
2024-06-26,"असार १२, २०८१",83.0,saved
2024-06-27,"असार १३, २०८१",88.0,saved
2024-06-28,"असार १४, २०८१",87.0,saved
2024-06-29,"असार १५, २०८१",86.0,saved
2024-06-30,"असार १६, २०८१",87.0,saved
2024-07-01,"असार १७, २०८१",85.0,saved
2024-07-02,"असार १८, २०८१",91.0,saved
2024-07-03,"असार १९, २०८१",83.0,saved
2024-07-04,"असार २०, २०८१",87.0,saved
2024-07-05,"असार २१, २०८१",81.0,saved
2024-07-06,"असार २२, २०८१",81.0,saved
2024-07-07,"असार २३, २०८१",88.0,saved
2024-07-08,"असार २४, २०८१",82.0,saved
2024-07-09,"असार २५, २०८१",88.0,saved
2024-07-10,"असार २६, २०८१",78.0,saved
2024-07-11,"असार २७, २०८१",84.0,saved
2024-07-12,"असार २८, २०८१",83.0,saved
2024-07-13,"असार २९, २०८१",85.0,saved
2024-07-14,"असार ३०, २०८१",89.0,saved
2024-07-15,"असार ३१, २०८१",85.0,saved
2024-07-16,"साउन ०१, २०८१",90.0,saved
2024-07-17,"साउन ०२, २०८१",84.0,saved
2024-07-18,"साउन ०३, २०८१",89.0,saved
2024-07-19,"साउन ०४, २०८१",89.0,saved
2024-07-20,"साउन ०५, २०८१",90.0,saved
2024-07-21,"साउन ०६, २०८१",92.0,saved
2024-07-22,"साउन ०७, २०८१",86.0,saved
2024-07-23,"साउन ०८, २०८१",88.0,saved
2024-07-24,"साउन ०९, २०८१",89.0,saved
2024-07-25,"साउन १०, २०८१",91.0,saved
2024-07-26,"साउन ११, २०८१",90.0,saved
2024-07-27,"साउन १२, २०८१",91.0,saved
2024-07-28,"साउन १३, २०८१",90.0,saved
2024-07-29,"साउन १४, २०८१",93.0,saved
2024-07-30,"साउन १५, २०८१",93.0,saved
2024-07-31,"साउन १६, २०८१",93.0,saved
2024-08-01,"साउन १७, २०८१",93.0,saved
2024-08-02,"साउन १८, २०८१",94.0,saved
2024-08-03,"साउन १९, २०८१",96.0,saved
2024-08-04,"साउन २०, २०८१",96.0,saved
2024-08-05,"साउन २१, २०८१",92.0,saved
2024-08-06,"साउन २२, २०८१",97.0,saved
2024-08-07,"साउन २३, २०८१",97.0,saved
2024-08-08,"साउन २४, २०८१",97.0,saved
2024-08-09,"साउन २५, २०८१",99.0,saved
2024-08-10,"साउन २६, २०८१",100.0,saved
2024-08-11,"साउन २७, २०८१",99.0,saved
2024-08-12,"साउन २८, २०८१",98.0,saved
2024-08-13,"साउन २९, २०८१",98.0,saved
2024-08-14,"साउन ३०, २०८१",98.0,saved
2024-08-15,"साउन ३१, २०८१",99.0,saved
2024-08-16,"साउन ३२, २०८१",99.0,saved
2024-08-17,"भदौ ०१, २०८१",95.0,saved
2024-08-18,"भदौ ०२, २०८१",95.0,saved
2024-08-19,"भदौ ०३, २०८१",94.0,saved
2024-08-20,"भदौ ०४, २०८१",97.0,saved
2024-08-21,"भदौ ०५, २०८१",94.0,saved
2024-08-22,"भदौ ०६, २०८१",97.0,saved
2024-08-23,"भदौ ०७, २०८१",94.0,saved
2024-08-24,"भदौ ०८, २०८१",95.0,saved
2024-08-25,"भदौ ०९, २०८१",97.0,saved
2024-08-26,"भदौ १०, २०८१",97.0,saved
2024-08-27,"भदौ ११, २०८१",97.0,saved
2024-08-28,"भदौ १२, २०८१",98.0,saved
2024-08-29,"भदौ १३, २०८१",97.0,saved
2024-08-30,"भदौ १४, २०८१",98.0,saved
2024-08-31,"भदौ १५, २०८१",98.0,saved
2024-09-01,"भदौ १६, २०८१",98.0,saved
2024-09-02,"भदौ १७, २०८१",98.0,saved
2024-09-03,"भदौ १८, २०८१",97.0,saved
2024-09-04,"भदौ १९, २०८१",97.0,saved
2024-09-05,"भदौ २०, २०८१",95.0,saved
2024-09-06,"भदौ २१, २०८१",95.0,saved
2024-09-07,"भदौ २२, २०८१",96.0,saved
2024-09-08,"भदौ २३, २०८१",95.0,saved
2024-09-09,"भदौ २४, २०८१",94.0,saved
2024-09-10,"भदौ २५, २०८१",92.0,saved
2024-09-11,"भदौ २६, २०८१",93.0,saved
2024-09-12,"भदौ २७, २०८१",93.0,saved
2024-09-13,"भदौ २८, २०८१",93.0,saved
2024-09-14,"भदौ २९, २०८१",92.0,saved
2024-09-15,"भदौ ३०, २०८१",93.0,saved
2024-09-16,"भदौ ३१, २०८१",94.0,saved
2024-09-17,"असोज ०१, २०८१",94.0,saved
2024-09-18,"असोज ०२, २०८१",94.0,saved
2024-09-19,"असोज ०३, २०८१",94.0,saved
2024-09-20,"असोज ०४, २०८१",96.0,saved
2024-09-21,"असोज ०५, २०८१",94.0,saved
2024-09-22,"असोज ०६, २०८१",94.0,saved
2024-09-23,"असोज ०७, २०८१",94.0,saved
2024-09-24,"असोज ०८, २०८१",93.0,saved
2024-09-25,"असोज ०९, २०८१",94.0,saved
2024-09-26,"असोज १०, २०८१",96.0,saved
2024-09-27,"असोज ११, २०८१",96.0,saved
2024-09-28,"असोज १२, २०८१",91.0,saved
2024-09-29,"असोज १३, २०८१",80.0,saved
2024-09-30,"असोज १४, २०८१",84.0,saved
2024-10-01,"असोज १५, २०८१",90.0,saved
2024-10-02,"असोज १६, २०८१",93.0,saved
2024-10-03,"असोज १७, २०८१",94.0,saved
2024-10-04,"असोज १८, २०८१",95.0,saved
2024-10-05,"असोज १९, २०८१",93.0,saved
2024-10-06,"असोज २०, २०८१",96.0,saved
2024-10-07,"असोज २१, २०८१",95.0,saved
2024-10-08,"असोज २२, २०८१",97.0,saved
2024-10-09,"असोज २३, २०८१",99.0,saved
2024-10-10,"असोज २४, २०८१",99.0,saved
2024-10-11,"असोज २५, २०८१",95.0,saved
2024-10-12,"असोज २६, २०८१",85.0,saved
2024-10-13,"असोज २७, २०८१",99.0,saved
2024-10-14,"असोज २८, २०८१",97.0,saved
2024-10-15,"असोज २९, २०८१",99.0,saved
2024-10-16,"असोज ३०, २०८१",99.0,saved
2024-10-17,"कार्तिक ०१, २०८१",100.0,saved
2024-10-18,"कार्तिक ०२, २०८१",95.0,saved
2024-10-19,"कार्तिक ०३, २०८१",95.0,saved
2024-10-20,"कार्तिक ०४, २०८१",97.0,saved
2024-10-21,"कार्तिक ०५, २०८१",97.0,saved
2024-10-22,"कार्तिक ०६, २०८१",98.0,saved
2024-10-23,"कार्तिक ०७, २०८१",99.0,saved
2024-10-24,"कार्तिक ०८, २०८१",103.0,saved
2024-10-25,"कार्तिक ०९, २०८१",101.0,saved
2024-10-26,"कार्तिक १०, २०८१",101.0,saved
2024-10-27,"कार्तिक ११, २०८१",99.0,saved
2024-10-28,"कार्तिक १२, २०८१",103.0,saved
2024-10-29,"कार्तिक १३, २०८१",100.0,saved
2024-10-30,"कार्तिक १४, २०८१",102.0,saved
2024-10-31,"कार्तिक १५, २०८१",101.0,saved
2024-11-01,"कार्तिक १६, २०८१",101.0,saved
2024-11-02,"कार्तिक १७, २०८१",102.0,saved
2024-11-03,"कार्तिक १८, २०८१",102.0,saved
2024-11-04,"कार्तिक १९, २०८१",103.0,saved
2024-11-05,"कार्तिक २०, २०८१",102.0,saved
2024-11-06,"कार्तिक २१, २०८१",103.0,saved
2024-11-07,"कार्तिक २२, २०८१",102.0,saved
2024-11-08,"कार्तिक २३, २०८१",101.0,saved
2024-11-09,"कार्तिक २४, २०८१",101.0,saved
2024-11-10,"कार्तिक २५, २०८१",104.0,saved
2024-11-11,"कार्तिक २६, २०८१",102.0,saved
2024-11-12,"कार्तिक २७, २०८१",103.0,saved
2024-11-13,"कार्तिक २८, २०८१",105.0,saved
2024-11-14,"कार्तिक २९, २०८१",105.0,saved
2024-11-15,"कार्तिक ३०, २०८१",103.0,saved
2024-11-16,"मङ्सिर ०१, २०८१",105.0,saved
2024-11-17,"मङ्सिर ०२, २०८१",105.0,saved
2024-11-18,"मङ्सिर ०३, २०८१",105.0,saved
2024-11-19,"मङ्सिर ०४, २०८१",105.0,saved
2024-11-20,"मङ्सिर ०५, २०८१",105.0,saved
2024-11-21,"मङ्सिर ०६, २०८१",107.0,saved
2024-11-22,"मङ्सिर ०७, २०८१",106.0,saved
2024-11-23,"मङ्सिर ०८, २०८१",107.0,saved
2024-11-24,"मङ्सिर ०९, २०८१",109.0,saved
2024-11-25,"मङ्सिर १०, २०८१",111.0,saved
2024-11-26,"मङ्सिर ११, २०८१",111.0,saved
2024-11-27,"मङ्सिर १२, २०८१",111.0,saved
2024-11-28,"मङ्सिर १३, २०८१",111.0,saved
2024-11-29,"मङ्सिर १४, २०८१",109.0,saved
2024-11-30,"मङ्सिर १५, २०८१",109.0,saved
2024-12-01,"मङ्सिर १६, २०८१",108.0,saved
2024-12-02,"मङ्सिर १७, २०८१",109.0,saved
2024-12-03,"मङ्सिर १८, २०८१",109.0,saved
2024-12-04,"मङ्सिर १९, २०८१",109.0,saved
2024-12-05,"मङ्सिर २०, २०८१",108.0,saved
2024-12-06,"मङ्सिर २१, २०८१",110.0,saved
2024-12-07,"मङ्सिर २२, २०८१",110.0,saved
2024-12-08,"मङ्सिर २३, २०८१",109.0,saved
2024-12-09,"मङ्सिर २४, २०८१",110.0,saved
2024-12-10,"मङ्सिर २५, २०८१",111.0,saved
2024-12-11,"मङ्सिर २६, २०८१",105.0,saved
2024-12-12,"मङ्सिर २७, २०८१",108.0,saved
2024-12-13,"मङ्सिर २८, २०८१",108.0,saved
2024-12-14,"मङ्सिर २९, २०८१",107.0,saved
2024-12-15,"मङ्सिर ३०, २०८१",109.0,saved
2024-12-16,"पुस ०१, २०८१",109.0,saved
2024-12-17,"पुस ०२, २०८१",109.0,saved
2024-12-18,"पुस ०३, २०८१",108.0,saved
2024-12-19,"पुस ०४, २०८१",108.0,saved
2024-12-20,"पुस ०५, २०८१",107.0,saved
2024-12-21,"पुस ०६, २०८१",107.0,saved
2024-12-22,"पुस ०७, २०८१",106.0,saved
2024-12-23,"पुस ०८, २०८१",106.0,saved
2024-12-24,"पुस ०९, २०८१",106.0,saved
2024-12-25,"पुस १०, २०८१",104.0,saved
2024-12-26,"पुस ११, २०८१",106.0,saved
2024-12-27,"पुस १२, २०८१",100.0,saved
2024-12-28,"पुस १३, २०८१",103.0,saved
2024-12-29,"पुस १४, २०८१",103.0,saved
2024-12-30,"पुस १५, २०८१",105.0,saved
2024-12-31,"पुस १६, २०८१",102.0,saved
2025-01-01,"पुस १७, २०८१",103.0,saved
2025-01-02,"पुस १८, २०८१",104.0,saved
2025-01-03,"पुस १९, २०८१",104.0,saved
2025-01-04,"पुस २०, २०८१",104.0,saved
2025-01-05,"पुस २१, २०८१",104.0,saved
2025-01-06,"पुस २२, २०८१",104.0,saved
2025-01-07,"पुस २३, २०८१",104.0,saved
2025-01-08,"पुस २४, २०८१",104.0,saved
2025-01-09,"पुस २५, २०८१",102.0,saved
2025-01-10,"पुस २६, २०८१",101.0,saved
2025-01-11,"पुस २७, २०८१",100.0,saved
2025-01-12,"पुस २८, २०८१",103.0,saved
2025-01-13,"पुस २९, २०८१",103.0,saved
2025-01-14,"माघ ०१, २०८१",103.0,saved
2025-01-15,"माघ ०२, २०८१",102.0,saved
2025-01-16,"माघ ०३, २०८१",104.0,saved
2025-01-17,"माघ ०४, २०८१",104.0,saved
2025-01-18,"माघ ०५, २०८१",104.0,saved
2025-01-19,"माघ ०६, २०८१",103.0,saved
2025-01-20,"माघ ०७, २०८१",103.0,saved
2025-01-21,"माघ ०८, २०८१",103.0,saved
2025-01-22,"माघ ०९, २०८१",102.0,saved
2025-01-23,"माघ १०, २०८१",104.0,saved
2025-01-24,"माघ ११, २०८१",104.0,saved
2025-01-25,"माघ १२, २०८१",102.0,saved
2025-01-26,"माघ १३, २०८१",102.0,saved
2025-01-27,"माघ १४, २०८१",100.0,saved
2025-01-28,"माघ १५, २०८१",99.0,saved
2025-01-29,"माघ १६, २०८१",100.0,saved
2025-01-30,"माघ १७, २०८१",102.0,saved
2025-01-31,"माघ १८, २०८१",101.0,saved
2025-02-01,"माघ १९, २०८१",102.0,saved
2025-02-02,"माघ २०, २०८१",102.0,saved
2025-02-03,"माघ २१, २०८१",102.0,saved
2025-02-04,"माघ २२, २०८१",105.0,saved
2025-02-05,"माघ २३, २०८१",105.0,saved
2025-02-06,"माघ २४, २०८१",104.0,saved
2025-02-07,"माघ २५, २०८१",100.0,saved
2025-02-08,"माघ २६, २०८१",103.0,saved
2025-02-09,"माघ २७, २०८१",103.0,saved
2025-02-10,"माघ २८, २०८१",104.0,saved
2025-02-11,"माघ २९, २०८१",104.0,saved
2025-02-12,"माघ ३०, २०८१",105.0,saved
2025-02-13,"फाल्गुण ०१, २०८१",105.0,saved
2025-02-14,"फाल्गुण ०२, २०८१",106.0,saved
2025-02-15,"फाल्गुण ०३, २०८१",100.0,saved
2025-02-16,"फाल्गुण ०४, २०८१",101.0,saved
2025-02-17,"फाल्गुण ०५, २०८१",100.0,saved
2025-02-18,"फाल्गुण ०६, २०८१",99.0,saved
2025-02-19,"फाल्गुण ०७, २०८१",100.0,saved
2025-02-20,"फाल्गुण ०८, २०८१",100.0,saved
2025-02-21,"फाल्गुण ०९, २०८१",99.0,saved
2025-02-22,"फाल्गुण १०, २०८१",98.0,saved
2025-02-23,"फाल्गुण ११, २०८१",98.0,saved
2025-02-24,"फाल्गुण १२, २०८१",101.0,saved
2025-02-25,"फाल्गुण १३, २०८१",101.0,saved
2025-02-26,"फाल्गुण १४, २०८१",101.0,saved
2025-02-27,"फाल्गुण १५, २०८१",104.0,saved
2025-02-28,"फाल्गुण १६, २०८१",103.0,saved
2025-03-01,"फाल्गुण १७, २०८१",102.0,saved
2025-03-02,"फाल्गुण १८, २०८१",104.0,saved
2025-03-03,"फाल्गुण १९, २०८१",102.0,saved
2025-03-04,"फाल्गुण २०, २०८१",0.0,no_data
2025-03-05,"फाल्गुण २१, २०८१",104.0,saved
2025-03-06,"फाल्गुण २२, २०८१",103.0,saved
2025-03-07,"फाल्गुण २३, २०८१",102.0,saved
2025-03-08,"फाल्गुण २४, २०८१",98.0,saved
2025-03-09,"फाल्गुण २५, २०८१",100.0,saved
2025-03-10,"फाल्गुण २६, २०८१",101.0,saved
2025-03-11,"फाल्गुण २७, २०८१",100.0,saved
2025-03-12,"फाल्गुण २८, २०८१",98.0,saved
2025-03-13,"फाल्गुण २९, २०८१",99.0,saved
2025-03-14,"चैत ०१, २०८१",100.0,saved
2025-03-15,"चैत ०२, २०८१",99.0,saved
2025-03-16,"चैत ०३, २०८१",99.0,saved
2025-03-17,"चैत ०४, २०८१",100.0,saved
2025-03-18,"चैत ०५, २०८१",100.0,saved
2025-03-19,"चैत ०६, २०८१",102.0,saved
2025-03-20,"चैत ०७, २०८१",102.0,saved
2025-03-21,"चैत ०८, २०८१",100.0,saved
2025-03-22,"चैत ०९, २०८१",110.0,saved
2025-03-23,"चैत १०, २०८१",111.0,saved
2025-03-24,"चैत ११, २०८१",111.0,saved
2025-03-25,"चैत १२, २०८१",112.0,saved
2025-03-26,"चैत १३, २०८१",113.0,saved
2025-03-27,"चैत १४, २०८१",114.0,saved
2025-03-28,"चैत १५, २०८१",114.0,saved
2025-03-29,"चैत १६, २०८१",113.0,saved
2025-03-30,"चैत १७, २०८१",113.0,saved
2025-03-31,"चैत १८, २०८१",109.0,saved
2025-04-01,"चैत १९, २०८१",108.0,saved
2025-04-02,"चैत २०, २०८१",110.0,saved
2025-04-03,"चैत २१, २०८१",111.0,saved
2025-04-04,"चैत २२, २०८१",111.0,saved
2025-04-05,"चैत २३, २०८१",111.0,saved
2025-04-06,"चैत २४, २०८१",112.0,saved
2025-04-07,"चैत २५, २०८१",112.0,saved
2025-04-08,"चैत २६, २०८१",110.0,saved
2025-04-09,"चैत २७, २०८१",104.0,saved
2025-04-10,"चैत २८, २०८१",111.0,saved
2025-04-11,"चैत २९, २०८१",111.0,saved
2025-04-12,"चैत ३०, २०८१",111.0,saved
2025-04-13,"चैत ३१, २०८१",111.0,saved
2025-04-14,"बैशाख ०१, २०८२",112.0,saved
2025-04-15,"बैशाख ०२, २०८२",111.0,saved
2025-04-16,"बैशाख ०३, २०८२",112.0,saved
2025-04-17,"बैशाख ०४, २०८२",112.0,saved
2025-04-18,"बैशाख ०५, २०८२",110.0,saved
2025-04-19,"बैशाख ०६, २०८२",111.0,saved
2025-04-20,"बैशाख ०७, २०८२",110.0,saved
2025-04-21,"बैशाख ०८, २०८२",107.0,saved
2025-04-22,"बैशाख ०९, २०८२",109.0,saved
2025-04-23,"बैशाख १०, २०८२",109.0,saved
2025-04-24,"बैशाख ११, २०८२",110.0,saved
2025-04-25,"बैशाख १२, २०८२",110.0,saved
2025-04-26,"बैशाख १३, २०८२",110.0,saved
2025-04-27,"बैशाख १४, २०८२",109.0,saved
2025-04-28,"बैशाख १५, २०८२",109.0,saved
2025-04-29,"बैशाख १६, २०८२",109.0,saved
2025-04-30,"बैशाख १७, २०८२",110.0,saved
2025-05-01,"बैशाख १८, २०८२",110.0,saved
2025-05-02,"बैशाख १९, २०८२",110.0,saved
2025-05-03,"बैशाख २०, २०८२",110.0,saved
2025-05-04,"बैशाख २१, २०८२",107.0,saved
2025-05-05,"बैशाख २२, २०८२",106.0,saved
2025-05-06,"बैशाख २३, २०८२",107.0,saved
2025-05-07,"बैशाख २४, २०८२",105.0,saved
2025-05-08,"बैशाख २५, २०८२",106.0,saved
2025-05-09,"बैशाख २६, २०८२",102.0,saved
2025-05-10,"बैशाख २७, २०८२",102.0,saved
2025-05-11,"बैशाख २८, २०८२",103.0,saved
2025-05-12,"बैशाख २९, २०८२",102.0,saved
2025-05-13,"बैशाख ३०, २०८२",102.0,saved
2025-05-14,"बैशाख ३१, २०८२",103.0,saved
2025-05-15,"जेठ ०१, २०८२",101.0,saved
2025-05-16,"जेठ ०२, २०८२",99.0,saved
2025-05-17,"जेठ ०३, २०८२",100.0,saved
2025-05-18,"जेठ ०४, २०८२",100.0,saved
2025-05-19,"जेठ ०५, २०८२",98.0,saved
2025-05-20,"जेठ ०६, २०८२",98.0,saved
2025-05-21,"जेठ ०७, २०८२",97.0,saved
2025-05-22,"जेठ ०८, २०८२",100.0,saved
2025-05-23,"जेठ ०९, २०८२",98.0,saved
2025-05-24,"जेठ १०, २०८२",99.0,saved
2025-05-25,"जेठ ११, २०८२",99.0,saved
2025-05-26,"जेठ १२, २०८२",99.0,saved
2025-05-27,"जेठ १३, २०८२",99.0,saved
2025-05-28,"जेठ १४, २०८२",99.0,saved
2025-05-29,"जेठ १५, २०८२",97.0,saved
2025-05-30,"जेठ १६, २०८२",99.0,saved
2025-05-31,"जेठ १७, २०८२",101.0,saved
2025-06-01,"जेठ १८, २०८२",102.0,saved
2025-06-02,"जेठ १९, २०८२",101.0,saved
2025-06-03,"जेठ २०, २०८२",96.0,saved
2025-06-04,"जेठ २१, २०८२",98.0,saved
2025-06-05,"जेठ २२, २०८२",98.0,saved
2025-06-06,"जेठ २३, २०८२",95.0,saved
2025-06-07,"जेठ २४, २०८२",97.0,saved
2025-06-08,"जेठ २५, २०८२",95.0,saved
2025-06-09,"जेठ २६, २०८२",96.0,saved
2025-06-10,"जेठ २७, २०८२",95.0,saved
2025-06-11,"जेठ २८, २०८२",93.0,saved
2025-06-12,"जेठ २९, २०८२",92.0,saved
2025-06-13,"जेठ ३०, २०८२",92.0,saved
2025-06-14,"जेठ ३१, २०८२",94.0,saved
2025-06-15,"असार ०१, २०८२",89.0,saved
2025-06-16,"असार ०२, २०८२",88.0,saved
2025-06-17,"असार ०३, २०८२",93.0,saved
2025-06-18,"असार ०४, २०८२",92.0,saved
2025-06-19,"असार ०५, २०८२",92.0,saved
2025-06-20,"असार ०६, २०८२",95.0,saved
2025-06-21,"असार ०७, २०८२",96.0,saved
2025-06-22,"असार ०८, २०८२",96.0,saved
2025-06-23,"असार ०९, २०८२",96.0,saved
2025-06-24,"असार १०, २०८२",95.0,saved
2025-06-25,"असार ११, २०८२",96.0,saved
2025-06-26,"असार १२, २०८२",97.0,saved
2025-06-27,"असार १३, २०८२",99.0,saved
2025-06-28,"असार १४, २०८२",99.0,saved
2025-06-29,"असार १५, २०८२",96.0,saved
2025-06-30,"असार १६, २०८२",97.0,saved
2025-07-01,"असार १७, २०८२",95.0,saved
2025-07-02,"असार १८, २०८२",88.0,saved
2025-07-03,"असार १९, २०८२",91.0,saved
2025-07-04,"असार २०, २०८२",92.0,saved
2025-07-05,"असार २१, २०८२",92.0,saved
2025-07-06,"असार २२, २०८२",93.0,saved
2025-07-07,"असार २३, २०८२",93.0,saved
2025-07-08,"असार २४, २०८२",93.0,saved
2025-07-09,"असार २५, २०८२",92.0,saved
2025-07-10,"असार २६, २०८२",92.0,saved
2025-07-11,"असार २७, २०८२",91.0,saved
2025-07-12,"असार २८, २०८२",93.0,saved
2025-07-13,"असार २९, २०८२",94.0,saved
2025-07-14,"असार ३०, २०८२",93.0,saved
2025-07-15,"असार ३१, २०८२",93.0,saved
2025-07-16,"असार ३२, २०८२",94.0,saved
2025-07-17,"साउन ०१, २०८२",93.0,saved
2025-07-18,"साउन ०२, २०८२",94.0,saved
2025-07-19,"साउन ०३, २०८२",94.0,saved
2025-07-20,"साउन ०४, २०८२",93.0,saved
2025-07-21,"साउन ०५, २०८२",93.0,saved
2025-07-22,"साउन ०६, २०८२",93.0,saved
2025-07-23,"साउन ०७, २०८२",104.0,saved
2025-07-24,"साउन ०८, २०८२",91.0,saved
2025-07-25,"साउन ०९, २०८२",93.0,saved
2025-07-26,"साउन १०, २०८२",98.0,saved
2025-07-27,"साउन ११, २०८२",95.0,saved
2025-07-28,"साउन १२, २०८२",96.0,saved
2025-07-29,"साउन १३, २०८२",95.0,saved
2025-07-30,"साउन १४, २०८२",99.0,saved
2025-07-31,"साउन १५, २०८२",98.0,saved
2025-08-01,"साउन १६, २०८२",99.0,saved
2025-08-02,"साउन १७, २०८२",99.0,saved
2025-08-03,"साउन १८, २०८२",97.0,saved
2025-08-04,"साउन १९, २०८२",97.0,saved
2025-08-05,"साउन २०, २०८२",99.0,saved
2025-08-06,"साउन २१, २०८२",99.0,saved
2025-08-07,"साउन २२, २०८२",100.0,saved
2025-08-08,"साउन २३, २०८२",100.0,saved
2025-08-09,"साउन २४, २०८२",103.0,saved
2025-08-10,"साउन २५, २०८२",102.0,saved
2025-08-11,"साउन २६, २०८२",100.0,saved
2025-08-12,"साउन २७, २०८२",100.0,saved
2025-08-13,"साउन २८, २०८२",99.0,saved
2025-08-14,"साउन २९, २०८२",99.0,saved
2025-08-15,"साउन ३०, २०८२",101.0,saved
2025-08-16,"साउन ३१, २०८२",101.0,saved
2025-08-17,"भदौ ०१, २०८२",99.0,saved
2025-08-18,"भदौ ०२, २०८२",98.0,saved
2025-08-19,"भदौ ०३, २०८२",100.0,saved
2025-08-20,"भदौ ०४, २०८२",97.0,saved
2025-08-21,"भदौ ०५, २०८२",99.0,saved
2025-08-22,"भदौ ०६, २०८२",99.0,saved
2025-08-23,"भदौ ०७, २०८२",103.0,saved
2025-08-24,"भदौ ०८, २०८२",99.0,saved
2025-08-25,"भदौ ०९, २०८२",99.0,saved
2025-08-26,"भदौ १०, २०८२",100.0,saved
2025-08-27,"भदौ ११, २०८२",101.0,saved
2025-08-28,"भदौ १२, २०८२",101.0,saved
2025-08-29,"भदौ १३, २०८२",100.0,saved
2025-08-30,"भदौ १४, २०८२",102.0,saved
2025-08-31,"भदौ १५, २०८२",104.0,saved
2025-09-01,"भदौ १६, २०८२",99.0,saved
2025-09-02,"भदौ १७, २०८२",99.0,saved
2025-09-03,"भदौ १८, २०८२",101.0,saved
2025-09-04,"भदौ १९, २०८२",100.0,saved
2025-09-05,"भदौ २०, २०८२",100.0,saved
2025-09-06,"भदौ २१, २०८२",103.0,saved
2025-09-07,"भदौ २२, २०८२",101.0,saved
2025-09-08,"भदौ २३, २०८२",100.0,saved
2025-09-09,"भदौ २४, २०८२",99.0,saved
2025-09-10,"भदौ २५, २०८२",0.0,no_data
2025-09-11,"भदौ २६, २०८२",77.0,saved
2025-09-12,"भदौ २७, २०८२",69.0,saved
2025-09-13,"भदौ २८, २०८२",100.0,saved
2025-09-14,"भदौ २९, २०८२",99.0,saved
2025-09-15,"भदौ ३०, २०८२",98.0,saved
2025-09-16,"भदौ ३१, २०८२",97.0,saved
2025-09-17,"असोज ०१, २०८२",96.0,saved
2025-09-18,"असोज ०२, २०८२",99.0,saved
2025-09-19,"असोज ०३, २०८२",100.0,saved
2025-09-20,"असोज ०४, २०८२",91.0,saved
2025-09-21,"असोज ०५, २०८२",98.0,saved
2025-09-22,"असोज ०६, २०८२",98.0,saved
2025-09-23,"असोज ०७, २०८२",98.0,saved
2025-09-24,"असोज ०८, २०८२",102.0,saved
2025-09-25,"असोज ०९, २०८२",102.0,saved
2025-09-26,"असोज १०, २०८२",104.0,saved
2025-09-27,"असोज ११, २०८२",106.0,saved
2025-09-28,"असोज १२, २०८२",107.0,saved
2025-09-29,"असोज १३, २०८२",103.0,saved
2025-09-30,"असोज १४, २०८२",101.0,saved
2025-10-01,"असोज १५, २०८२",103.0,saved
2025-10-02,"असोज १६, २०८२",102.0,saved
2025-10-03,"असोज १७, २०८२",94.0,saved
2025-10-04,"असोज १८, २०८२",102.0,saved
2025-10-05,"असोज १९, २०८२",100.0,saved
2025-10-06,"असोज २०, २०८२",100.0,saved
2025-10-07,"असोज २१, २०८२",102.0,saved
2025-10-08,"असोज २२, २०८२",105.0,saved
2025-10-09,"असोज २३, २०८२",105.0,saved
2025-10-10,"असोज २४, २०८२",104.0,saved
2025-10-11,"असोज २५, २०८२",101.0,saved
2025-10-12,"असोज २६, २०८२",99.0,saved
2025-10-13,"असोज २७, २०८२",97.0,saved
2025-10-14,"असोज २८, २०८२",101.0,saved
2025-10-15,"असोज २९, २०८२",102.0,saved
2025-10-16,"असोज ३०, २०८२",101.0,saved
2025-10-17,"असोज ३१, २०८२",103.0,saved
2025-10-18,"कार्तिक ०१, २०८२",100.0,saved
2025-10-19,"कार्तिक ०२, २०८२",108.0,saved
2025-10-20,"कार्तिक ०३, २०८२",107.0,saved
2025-10-21,"कार्तिक ०४, २०८२",107.0,saved
2025-10-22,"कार्तिक ०५, २०८२",109.0,saved
2025-10-23,"कार्तिक ०६, २०८२",105.0,saved
2025-10-24,"कार्तिक ०७, २०८२",107.0,saved
2025-10-25,"कार्तिक ०८, २०८२",105.0,saved
2025-10-26,"कार्तिक ०९, २०८२",107.0,saved
2025-10-27,"कार्तिक १०, २०८२",106.0,saved
2025-10-28,"कार्तिक ११, २०८२",106.0,saved
2025-10-29,"कार्तिक १२, २०८२",105.0,saved
2025-10-30,"कार्तिक १३, २०८२",106.0,saved
2025-10-31,"कार्तिक १४, २०८२",104.0,saved
2025-11-01,"कार्तिक १५, २०८२",104.0,saved
2025-11-02,"कार्तिक १६, २०८२",102.0,saved
2025-11-03,"कार्तिक १७, २०८२",104.0,saved
2025-11-04,"कार्तिक १८, २०८२",105.0,saved
2025-11-05,"कार्तिक १९, २०८२",105.0,saved
2025-11-06,"कार्तिक २०, २०८२",106.0,saved
2025-11-07,"कार्तिक २१, २०८२",103.0,saved
2025-11-08,"कार्तिक २२, २०८२",104.0,saved
2025-11-09,"कार्तिक २३, २०८२",103.0,saved
2025-11-10,"कार्तिक २४, २०८२",104.0,saved
2025-11-11,"कार्तिक २५, २०८२",103.0,saved
2025-11-12,"कार्तिक २६, २०८२",103.0,saved
2025-11-13,"कार्तिक २७, २०८२",103.0,saved
2025-11-14,"कार्तिक २८, २०८२",108.0,saved
2025-11-15,"कार्तिक २९, २०८२",108.0,saved
2025-11-16,"कार्तिक ३०, २०८२",109.0,saved
2025-11-17,"मङ्सिर ०१, २०८२",107.0,saved
2025-11-18,"मङ्सिर ०२, २०८२",106.0,saved
2025-11-19,"मङ्सिर ०३, २०८२",107.0,saved
2025-11-20,"मङ्सिर ०४, २०८२",106.0,saved
2025-11-21,"मङ्सिर ०५, २०८२",108.0,saved
2025-11-22,"मङ्सिर ०६, २०८२",105.0,saved
2025-11-23,"मङ्सिर ०७, २०८२",103.0,saved
2025-11-24,"मङ्सिर ०८, २०८२",106.0,saved
2025-11-25,"मङ्सिर ०९, २०८२",107.0,saved
2025-11-26,"मङ्सिर १०, २०८२",111.0,saved
2025-11-27,"मङ्सिर ११, २०८२",110.0,saved
2025-11-28,"मङ्सिर १२, २०८२",109.0,saved
2025-11-29,"मङ्सिर १३, २०८२",110.0,saved
2025-11-30,"मङ्सिर १४, २०८२",109.0,saved
2025-12-01,"मङ्सिर १५, २०८२",112.0,saved
2025-12-02,"मङ्सिर १६, २०८२",112.0,saved
2025-12-03,"मङ्सिर १७, २०८२",112.0,saved
2025-12-04,"मङ्सिर १८, २०८२",112.0,saved
2025-12-05,"मङ्सिर १९, २०८२",111.0,saved
2025-12-06,"मङ्सिर २०, २०८२",112.0,saved
2025-12-07,"मङ्सिर २१, २०८२",112.0,saved
2025-12-08,"मङ्सिर २२, २०८२",112.0,saved
2025-12-09,"मङ्सिर २३, २०८२",111.0,saved
2025-12-10,"मङ्सिर २४, २०८२",110.0,saved
2025-12-11,"मङ्सिर २५, २०८२",110.0,saved
2025-12-12,"मङ्सिर २६, २०८२",110.0,saved
2025-12-13,"मङ्सिर २७, २०८२",110.0,saved
2025-12-14,"मङ्सिर २८, २०८२",111.0,saved
2025-12-15,"मङ्सिर २९, २०८२",108.0,saved
2025-12-16,"पुस ०१, २०८२",110.0,saved
2025-12-17,"पुस ०२, २०८२",100.0,saved
2025-12-18,"पुस ०३, २०८२",108.0,saved
2025-12-19,"पुस ०४, २०८२",109.0,saved
2025-12-20,"पुस ०५, २०८२",109.0,saved
2025-12-21,"पुस ०६, २०८२",110.0,saved
2025-12-22,"पुस ०७, २०८२",109.0,saved
2025-12-23,"पुस ०८, २०८२",109.0,saved
2025-12-24,"पुस ०९, २०८२",110.0,saved
2025-12-25,"पुस १०, २०८२",110.0,saved
2025-12-26,"पुस ११, २०८२",111.0,saved
2025-12-27,"पुस १२, २०८२",111.0,saved
2025-12-28,"पुस १३, २०८२",106.0,saved
2025-12-29,"पुस १४, २०८२",105.0,saved
2025-12-30,"पुस १५, २०८२",105.0,saved
2025-12-31,"पुस १६, २०८२",106.0,saved
2026-01-01,"पुस १७, २०८२",108.0,saved
2026-01-02,"पुस १८, २०८२",107.0,saved
2026-01-03,"पुस १९, २०८२",107.0,saved
2026-01-04,"पुस २०, २०८२",106.0,saved
2026-01-05,"पुस २१, २०८२",105.0,saved
2026-01-06,"पुस २२, २०८२",105.0,saved
2026-01-07,"पुस २३, २०८२",105.0,saved
2026-01-08,"पुस २४, २०८२",105.0,saved
2026-01-09,"पुस २५, २०८२",106.0,saved
2026-01-10,"पुस २६, २०८२",105.0,saved
2026-01-11,"पुस २७, २०८२",103.0,saved
2026-01-12,"पुस २८, २०८२",105.0,saved
2026-01-13,"पुस २९, २०८२",104.0,saved
2026-01-14,"पुस ३०, २०८२",105.0,saved
2026-01-15,"माघ ०१, २०८२",104.0,saved
2026-01-16,"माघ ०२, २०८२",105.0,saved
2026-01-17,"माघ ०३, २०८२",108.0,saved
2026-01-18,"माघ ०४, २०८२",107.0,saved
2026-01-19,"माघ ०५, २०८२",107.0,saved
2026-01-20,"माघ ०६, २०८२",107.0,saved
2026-01-21,"माघ ०७, २०८२",107.0,saved
2026-01-22,"माघ ०८, २०८२",108.0,saved
2026-01-23,"माघ ०९, २०८२",105.0,saved
2026-01-24,"माघ १०, २०८२",104.0,saved
2026-01-25,"माघ ११, २०८२",104.0,saved
2026-01-26,"माघ १२, २०८२",102.0,saved
2026-01-27,"माघ १३, २०८२",103.0,saved
2026-01-28,"माघ १४, २०८२",103.0,saved
2026-01-29,"माघ १५, २०८२",103.0,saved
2026-01-30,"माघ १६, २०८२",101.0,saved
2026-01-31,"माघ १७, २०८२",99.0,saved
